d83a7518-866b-47e2-89e6-eefbd3300204,2017-03-12 22:48:46.404189,2017-03-13 20:02:25.685339,172562aa-314d-470d-a44b-84ae09888b17,15530d8d-79db-4d1b-9a9f-7c6e8a8759c1,1000
3152bcb6-fa72-45c7-abaf-b80eca3de499,2017-02-17 20:53:56.353546,2017-03-13 20:02:26.779402,570ab5c3-3667-4e0e-9ce6-d288e7f19809,e60742a9-3a55-4831-9d69-2e9e00b13390,1000
6db099d7-8bc0-490f-b0aa-7d85e47b7321,2017-02-13 03:53:49.238719,2017-03-13 20:02:28.460425,b00bee90-fc2f-4f76-8a23-cd23d0b3d12d,5d0025b4-984d-49dc-a968-bf1deacf01c7,1000
eed552cc-eb7c-4c75-94fd-59df90df47db,2017-03-08 20:26:46.921908,2017-03-13 20:03:00.980267,4fc9effb-92ad-4c90-b483-584d4460ea5f,e21221ca-e01f-4320-924d-bceba6a50d01,1000
0087c916-afc3-446d-b5d8-c5268a5bf9e4,2017-03-08 19:52:43.734103,2017-03-13 20:03:09.198634,4694178d-8128-4c1b-8c8d-abfb9e3aaa9e,39f2f301-f4e4-47bb-a007-baab287f815b,1000
d21336f5-6c6c-4fa8-b484-732e9b64e042,2017-02-06 00:01:11.000000,2017-03-13 20:03:38.646549,153fe67d-2121-499b-ae53-196542a69432,f44f89cb-5f88-4e0d-aee4-30a182e125d0,1000
ec7b9a11-d3b8-4657-b808-ab25767b74c2,2017-02-03 23:57:26.208695,2017-03-13 20:03:39.661753,9b1d311b-1ee5-433c-8d76-d2d25d5e2f67,48cdca47-9f37-46c8-909f-358af86e1b6b,1000
1e379148-8088-4958-a87d-5d135fad26fe,2017-03-10 03:16:58.394654,2017-03-13 20:02:31.977516,a68f1a03-06a9-4493-a148-1417373e7e61,1f775b2c-7a4a-4a18-b65d-3fa6ccaedd31,1000
068fbe7b-0141-4b52-939e-05f07d9fb2ba,2017-03-10 03:15:00.086210,2017-03-13 20:02:35.654959,b2f65509-f7e9-4e3d-86e8-f9dca295adbc,835bfdbd-4b33-436f-899b-7161bebce681,1000
72dc9d5c-2709-4c30-b0d3-e04b062f5cb4,2017-02-21 00:31:50.202557,2017-03-13 20:03:21.875663,9b917f51-00dd-4242-a08b-58adbf09964a,779f42da-ba8c-4b66-b3ff-0388d1f8382c,1000
23d92d6b-f9cf-44cf-979c-a43988858fda,2017-03-10 03:10:42.014262,2017-03-13 20:02:38.390387,4817debc-920f-4411-b4a4-c520f6dd027f,7d01135b-6ca1-4066-84b2-4f6764e0e758,1000
ac058323-70ad-4593-be83-7bdd087045ce,2017-03-10 03:30:17.324839,2017-03-13 20:04:59.147329,8e51ee4f-cd1d-4fd7-9c48-7e926b3304ba,e4f0ba06-78de-4c72-a7eb-4cead46781ff,1000
cf8f589f-8c43-4be0-81a8-ec6d95945283,2017-02-13 03:53:47.682013,2017-03-13 20:03:46.865514,2d3617bc-d4f1-41e7-88c8-339d46aa1f9e,ce825b21-5a7e-472d-be65-7590e0694c56,1000
09763cf2-ee99-4efb-901d-d89318b9742a,2017-02-13 03:53:48.035498,2017-03-13 20:03:46.918113,a0e4ef26-2042-4c18-afd7-5d46d35f0dae,c1fcf347-eb84-488b-9f9b-4012b44b33cb,1000
217c5c55-0c1e-4de3-9110-3de4d6ad59a2,2017-03-10 20:02:21.487175,2017-03-13 20:05:01.550444,86399e09-1422-47f2-8003-df1ebc2a60d7,84a707c5-46fb-4fc2-903b-176c720e43ae,1000
849d6c7d-4180-46cc-984e-ca670805bac3,2017-02-21 00:11:01.862301,2017-03-13 20:05:15.844125,f378440e-20aa-4dd5-966e-3a118eb0e963,f193c7f9-a7a8-4164-a6fe-2c4b4ebdea96,1000
a0ca418f-1652-4654-a47a-59df5a8998be,2017-03-08 20:01:57.021914,2017-03-12 20:03:53.852476,c6fc47a6-e9af-47fd-86a2-8827083fd255,51388bfc-486e-4a64-bc0c-b4573d9e1590,1000
b9626fac-c1fc-4fa1-8c55-8a2ef94cff19,2017-03-10 20:04:05.879932,2017-03-13 20:05:09.949245,90c146a0-c8d2-430f-84fc-fe9871c3e5b2,d0e11084-3447-4dbe-9486-843e772e6549,1000
11e2d399-1766-475d-a388-9aec9c15bdd9,2017-03-10 03:14:14.202763,2017-03-13 20:02:35.977316,cb3cec19-a66b-4444-98f1-d7193adc4f26,73eb01da-964f-45ce-9da2-71ebbe9c2752,1000
f8357b8a-4814-4166-b74c-6105be7a138a,2017-02-13 04:54:30.892486,2017-03-13 20:04:36.962829,5f519492-e392-43fc-b7ce-0040148c1885,b52963be-5f76-4d8a-baef-19c7b1e2a25d,1000
36550970-2b88-47fc-ad3a-03663082cfab,2017-03-10 03:11:57.654095,2017-03-13 20:02:37.463992,6a94cfbc-9ece-48d4-b842-f491a9c68394,79305f51-dd84-4d71-9d35-87fe874cca3d,1000
383acf34-a402-4a71-941e-a188edfb8bd2,2017-03-10 03:30:18.020882,2017-03-13 20:04:59.229865,e88cdd06-d6cc-4cbd-900e-d95cbd0ebcbe,ccc698ac-559b-4962-abe6-891a094b85fb,1000
763a9586-e24a-4a41-8d2d-57b9ea10721e,2017-03-10 03:11:19.416551,2017-03-13 20:02:38.149116,9e634d8d-b16e-4086-9b05-422f61330b8e,d2bf9e30-883b-4f4d-ad97-3c2b4b74cdf7,1000
8735af0f-7b6c-4e3e-ba9b-fe68a00f8621,2017-02-13 03:53:50.106383,2017-03-13 20:03:50.107785,d1012994-db0b-484b-8c9c-a4d6f68d7d8a,5155fbd6-f70d-4625-ae84-ffbd6448c572,1000
1e355df0-bf6d-4fca-a654-8d478156abc3,2017-03-10 20:01:46.055462,2017-03-13 20:05:00.921811,a776b1ff-5d21-40a1-acc0-f755a4d8a126,8bf0219a-b2b8-478e-a3a8-1d4064222601,1000
1cea9a3c-d3d9-4667-ade8-be2caef5bb5b,2017-03-10 03:09:05.983981,2017-03-13 20:02:38.588281,8c0f20ca-491a-4423-a5bf-733a7d283799,f0c503c3-dfb9-48f7-8724-4c3a3def381a,1000
72cab0bb-31ce-4c66-8f68-7a101b7bbfe5,2017-02-21 00:31:56.406591,2017-03-13 20:03:20.766346,70cc1bac-dc10-4cbf-8423-c2ebe95577f7,595fbf25-c00a-4936-94ed-6f3626158e9b,1000
61e1e0ba-8817-4e72-8bf7-23073e34d5de,2017-03-10 03:01:37.466790,2017-03-13 20:02:43.831248,cb4c0520-ff93-41a9-aa33-94739810707d,f69f2ee3-5b93-4ace-8e31-4663af84c2e8,1000
c79f520c-49a8-4bc1-bac0-c0275505db24,2017-03-09 18:43:13.659059,2017-03-13 20:02:57.390443,dfda4bf3-f6c1-4b12-a31b-ed7522efad94,e7ac11f7-b97c-444c-a94e-e043cf7505fd,1000
4a63b5e6-6b49-428b-a1f5-114910995750,2017-03-09 18:40:34.793815,2017-03-13 20:02:59.685629,459af8d1-d800-4c5a-a3a8-076ccc019085,6fe8c7c5-72b1-4c99-80e1-57b12596054f,1000
570a65f5-aaab-4d7d-a4db-2ceb6a39f178,2017-03-10 20:01:46.487913,2017-03-13 20:05:00.981517,592f33f7-34a2-4ef0-92f3-f77f602c3076,ca36cbe1-cf97-4c41-8f15-7d8be2d48426,1000
06194d75-ef2d-40e3-95cf-4bd02fd40b8c,2017-02-17 17:11:24.672823,2017-03-13 20:04:37.385939,ddfac270-926d-4a97-8e27-b87981df94d8,7ef8aa2f-c808-4739-9ef0-7976484b01d1,1000
f5a2b5bb-75cd-4435-b78b-10e7b873ee84,2017-03-08 19:43:33.371689,2017-03-13 20:03:17.262306,7e579fef-c53c-41cc-b35d-367aa08c14dd,bbfde196-9f69-4412-814f-00515d499dab,1000
8aa2ff3a-9549-480b-8b68-2f40d11835ec,2017-03-10 20:01:46.813111,2017-03-13 20:05:01.177705,8a451686-3ac5-469d-992b-37315cd9e724,47a0dbb6-cf04-490a-8aee-ca72a204bf2f,1000
2a866571-e76b-4405-9cd7-bd409a5071de,2017-02-23 21:49:02.416912,2017-03-13 20:03:20.374286,60dc13d4-8c69-4267-9e8c-0eb829792bab,ca1cd3de-687f-4825-9cdc-8db2251e560e,1000
ea587792-fcf3-4b20-a9c0-13e03a83b914,2017-02-21 00:31:50.540471,2017-03-13 20:03:21.791545,980f69ce-61f8-4c09-bfdc-559828a76251,b83b3afc-2d17-4bdb-8b9e-268a0114f5e2,1000
c9292584-506b-4e2d-9045-9ee231c232ac,2017-02-13 03:53:45.222515,2017-03-13 20:03:45.077658,a45c197b-a3ec-4e7d-b796-34681ecc6cfb,145a4c61-ae46-4562-aaa9-d8cd5dcaa5ae,1000
3de65c51-915c-4289-ba89-68b41a561b1f,2017-02-13 03:53:45.463920,2017-03-13 20:03:46.692248,a37e4048-a4fb-4b26-8407-b28e95e3321b,5c62b804-286d-45ed-b939-5d2fb04f4bf1,1000
d1f662ee-4db7-4764-8042-a13be809519c,2017-03-10 20:02:24.504972,2017-03-13 20:05:02.814154,4bc96c7f-3613-4451-b66f-906fccdb05f0,55981c0d-623d-43fa-96b7-ed6a9cf902c4,1000
c49b2619-f84e-4de0-9d56-a1d71d735a52,2017-02-21 23:46:44.721221,2017-03-13 20:04:50.017265,828418ef-bdfa-42ff-95e1-1fa8d6320357,c22906d9-d2e9-4da8-8340-987a4f192958,1000
45afee36-decf-40cf-973d-10fddd7e04e8,2017-02-21 00:31:51.531128,2017-03-13 20:03:20.867705,dc0b58a4-f842-40cd-9ace-3c1dd056de9d,c7b6fa4b-e985-4035-bb20-18028f876c25,1000
3358cb49-402a-4bbb-9576-d821fdc3c0a0,2017-02-21 00:31:51.288764,2017-03-13 20:03:21.043409,1dde062d-87de-4866-aa5f-196bfc1d105b,87ff13bb-bfde-4572-b3de-7348323462cc,1000
0c5b3f65-4e99-4570-b2c2-968c6e431039,2017-02-21 00:31:52.672677,2017-03-13 20:03:21.434970,ca6a8915-91bf-4a94-bf4e-4d9582cfd8e9,d3ade7f8-f818-4b26-9c04-41fa172ff912,1000
d3cc8db6-d126-4488-a0cb-766ef64a5ae1,2017-02-21 00:31:54.234406,2017-03-13 20:03:21.717666,90be6f7c-a9e5-407a-869d-3cfb66bbd37d,e6307f72-f105-4cc4-be65-b04d48a2c429,1000
59a565f0-aa2d-4013-add2-6c94adba753f,2017-02-21 00:31:57.442728,2017-03-13 20:03:22.728907,59b55b62-2e75-4746-aaa3-a8adb98a9f32,14db59a6-8304-4e30-9a81-754e8b31f1e4,1000
a7ed6e80-ef7c-4f56-a3f4-219bb7c17035,2017-02-13 03:53:40.013372,2017-03-13 20:03:51.355438,17c27ec4-a787-4012-9911-429fc9ea9cdb,eb332c65-39da-47e7-90c1-f9ea99390578,1000
92573aea-1da3-4c66-9959-8766190eb75d,2017-03-10 20:02:22.803409,2017-03-13 20:05:02.311694,7d0ee1c0-d8df-4a2b-a20a-41ea737cdca3,dc4d0435-87df-4831-8aa5-26810a3fa2b9,1000
73ed0100-558e-4daf-8028-ec36603caf53,2017-03-12 22:48:46.924313,2017-03-13 20:02:25.418759,2dd93f45-b102-4627-9e69-2c17533d0012,ce199310-425a-4f5f-90a7-ccd0ec0e0f83,1000
ba64479f-a66b-43dd-a923-fde57635eec9,2017-03-12 22:48:46.669753,2017-03-13 20:02:25.577161,ed174577-6aef-4c4a-9cdd-3af53b9d9418,59a9daa8-9f34-4836-ae01-a360b1647a2f,1000
7133db3a-7391-4a89-a5f6-38ddbe2db8df,2017-03-10 20:02:23.622260,2017-03-13 20:05:02.712378,0ba9b9a5-8c38-4fd0-a8cc-fd9c5b3c6425,aecdb697-d3e4-450d-939e-2f61920e9ca7,1000
8bc0e670-db36-4170-96b3-f45bd4b31102,2017-02-13 03:53:38.230051,2017-03-13 20:03:52.339710,de91073e-a813-4396-bae6-abdd29dacd56,5ee9b093-1593-4312-a926-4dfcfcc3c0b1,1000
83543222-694b-4628-9e39-959bbe47c18f,2017-02-21 23:46:43.951756,2017-03-13 20:04:49.738999,cd99364e-7c62-41f0-8486-fc334005c53f,27cc11e9-5515-4138-864b-eb939513c357,1000
b96caf82-31c5-465b-8b51-5dbe5e06a1e4,2017-02-21 00:31:57.113922,2017-03-13 20:03:22.794270,9713d9c1-af21-4c2b-b08b-c3e03361b30d,04cdfe44-acb8-468a-8d00-cbc904276c27,1000
2d9f2f30-ce43-406c-b846-7668369c58f4,2017-03-10 20:03:44.637039,2017-03-13 20:05:08.463725,3b8532c0-54e1-417b-982d-2c522d3e4886,8dd39a92-9839-4678-881e-2967434af3d0,1000
4a24f843-ca2e-4b42-9140-e23f7d6b3cd6,2017-03-10 20:02:28.127729,2017-03-13 20:05:18.634607,80824e3b-6fb0-4840-97ff-b4e4945f95b1,3943ce2d-a624-4497-b9bc-4dd2b81389b9,1000
92ab9826-416e-4a59-aefd-aaeae8735e3b,2017-02-13 03:53:50.338368,2017-03-13 20:03:50.174494,43c43f59-ddec-43e4-879e-964923338bff,c47c6dbe-5f5e-4337-832a-b7e1dfd7bf27,1000
80bd5f44-d750-4263-a6b4-2fe99916fb1f,2017-03-06 22:47:16.313274,2017-03-13 20:03:18.903873,c65b04d8-ccd7-4919-9741-3376b6e287d3,cd97bc71-55fe-45e3-82a4-d51e7d32bf54,1000
ece7d0ad-26db-49af-bb22-14b6a82dad2a,2017-03-06 22:47:16.144254,2017-03-13 20:03:19.002515,326595e3-e1bb-4bd3-8a13-06a150f31fb3,3462e666-0dae-4912-8a28-b6c31f54da1e,1000
755713b9-46ec-4f2c-b0b9-e87fe1110232,2017-02-21 00:31:54.359042,2017-03-13 20:03:21.942414,1068b151-a811-4e59-8c1a-1bf92ed04ff1,39eefbc1-fe06-4572-a6bb-a3914ffc0356,1000
d0b04815-896d-4bad-b1d4-1aa02d64c892,2017-02-17 16:29:14.619755,2017-03-13 20:05:13.738915,13ce9352-7fba-49db-94aa-ac34599a65e2,1cae20f3-3263-4ea1-9e4d-f1ce466a61ed,1000
2ffaeb71-a788-4709-8dad-82b86bbb1322,2017-02-21 00:31:56.985456,2017-03-13 20:03:23.070792,6a0cb428-5266-427e-b35e-8fb8beac6f44,84d81830-3cab-4f12-b470-5679b14a55fa,1000
ed4b5a88-87ac-481a-bed9-83682f78d59f,2017-02-06 00:01:11.000000,2017-03-13 20:03:30.516457,cc56ac20-31ea-41aa-bfdb-ea289c0a53f5,0fd1bfb9-e597-45e6-b1db-2338da5453b6,1000
2205eda4-795b-45e5-a349-3ad93862316b,2017-03-10 20:02:29.559187,2017-03-13 20:05:03.881257,1b84e989-54c9-4b70-b10e-e4617c608fd4,5c297c36-ff8e-4c7c-ab23-eed173ebc1a2,1000
c47b650c-c97a-4293-8e95-60ca9531008d,2017-02-06 00:01:11.000000,2017-03-13 20:03:32.066752,10b38c3c-1bb5-4246-a327-609db98df629,9bb19c2a-1c79-4dfa-8ce0-f04952ae6e6c,1000
0df90021-4a1c-43ae-af1f-ecb25d0dbe34,2017-02-17 16:14:02.114041,2017-03-13 20:03:39.330100,79ee4426-a588-4fec-94f7-616c6351378e,9def3012-cf64-4f77-a973-27b8d59983c9,1000
a325986b-1f77-4afb-bde3-f25d0d989353,2017-02-17 16:14:02.394374,2017-03-13 20:03:39.514788,047606c1-1cc0-4357-928c-cb0d252ca2fa,7ed9968e-2ecc-48c7-9cb7-6fdaa045d563,1000
5b92a6e1-7613-43e9-a884-c6f913b40c17,2017-02-13 03:53:36.910178,2017-03-13 20:03:39.967638,95e1a29e-4a1d-49ef-a344-d1d3100ba6ef,b680623f-17fd-41c7-b252-b99d6742732a,1000
4c408518-676b-4137-80a4-0112573ceb55,2017-02-21 00:31:56.191719,2017-03-13 20:03:22.898632,e4b61e12-0074-40ee-b508-2bd835fb1324,9692d592-0bea-4d8e-bae9-1d571a215631,1000
4d930891-0e8a-454f-aaf7-e8a89cad1e1b,2017-03-10 20:02:34.744118,2017-03-13 20:05:04.514095,733366f7-d104-4566-bcb6-31adb34e4751,8309a3bb-1dfd-40e9-b572-63e46e3c1917,1000
a11c74f1-5c87-4ca3-9074-9d7f8c8b5b1e,2017-02-13 03:53:43.768541,2017-03-13 20:03:43.286525,d0fa059e-fbd6-44b7-93bc-c45d5bcedf9d,e606737d-2124-43d4-9470-9fd1e074f069,1000
80c636a6-6e3d-404e-acd9-37f47e751e82,2017-02-13 03:53:44.368997,2017-03-13 20:03:43.510284,c34d8a72-ea86-41ba-ac74-851616f76d35,b4c17688-6a70-4e17-ba92-04028ebd04d3,1000
c872cb82-ac36-4e96-a2c9-35bfc221e0fe,2017-02-13 03:53:39.599172,2017-03-13 20:03:51.561573,3f6c14a4-96e3-49e3-b954-0470002ad96a,51649cf2-a757-4085-bff1-1ff99b26988f,1000
9c04a804-6c9d-4e7d-b4aa-40947c6e4993,2017-02-23 21:49:02.170028,2017-03-13 20:02:25.793543,7c76ac10-e8a8-4893-963c-c2bd168d5f80,c6b3ed79-2f40-463b-9733-416e09d78781,1000
3edd6e64-42d3-4f8b-95cd-c2e54cb2cc6f,2017-02-13 03:53:37.317164,2017-03-13 20:03:52.734850,c1633c5a-d245-43e7-b650-3d3eaa0a2d3f,b6926518-d6b5-430a-9feb-5ea414948708,1000
43170441-7b2b-49ff-b6a4-e31ac5db3adb,2017-03-10 20:02:33.864191,2017-03-13 20:05:04.435370,67e29dbb-1469-4e67-b87d-f09a8bad6764,1cd71cc6-fbef-4fdf-a905-f4494e6ce5ba,1000
69146509-d413-46dc-903a-8ae66095bd45,2017-02-13 03:53:34.574013,2017-03-13 20:03:40.572819,0f56f982-5bb9-446f-9e19-880a319c5786,fe28e3af-1f26-4455-8bd5-3f6a532bdbc6,1000
d1bb7ff3-bf30-4916-8c71-f4ff5c8a0e71,2017-02-13 03:53:46.306942,2017-03-13 20:03:46.755069,bd982446-f232-4a4a-8f08-d3119be03be3,dd1c6914-1e7d-4235-8eba-5af25d66d867,1000
75ed14c9-5b04-459c-9a61-b1fe2e758686,2017-03-10 20:02:30.358900,2017-03-13 20:05:03.988914,24a63230-a4db-4d7a-8fec-ee132d879f18,db8fe71c-d1c3-47fc-8d31-707e96687cc6,1000
7170b560-ac22-4b2c-8277-732c78b33234,2017-02-20 22:22:07.084186,2017-03-13 20:05:13.583715,69419602-e9d9-4a0e-8549-9ab13fbc9a6f,44fd0769-528b-45e8-9cfe-72b248521568,1000
65b8f473-55f3-4bde-b866-87b33ae809b7,2017-02-21 00:31:55.134207,2017-03-13 20:03:22.513604,2be87e47-01dc-4f4f-8870-6e892e57848c,98508b48-f160-4d83-b46e-dc8ce78724cb,1000
b37f412b-7525-4689-a3cf-a4dbbcbbbae9,2017-03-10 20:02:28.609383,2017-03-13 20:05:03.796666,5168a7ab-fd44-4977-bea3-e44e2b813e9e,e3981cbf-7619-49ef-a598-ebfa1913c160,1000
a9931c81-2039-4699-adbd-20808246db6a,2017-03-08 19:45:16.755050,2017-03-13 20:03:15.676709,8a24bfca-00cc-4b28-a114-6388215603f2,3ac97df6-9d24-475a-8ef5-e41101c1909f,1000
f9f84f33-079b-4879-a5fd-ea91968f6511,2017-02-21 00:31:55.466532,2017-03-13 20:03:22.576262,21612fcd-7b9d-44ab-9dda-ef617a6b30ec,acc0f215-5a34-4e26-b426-25cffacecbb7,1000
7d0547f8-9c3e-43e1-bb2c-31db5cca08ff,2017-03-09 13:24:22.925430,2017-03-13 20:04:59.093083,cc3e7fc1-3c32-49b3-9882-ff0955d85b61,9b4a5f6e-c85a-4978-960f-2ddc680294c4,1000
5d136913-8af6-43ee-8da8-f6e4a8e42594,2017-03-10 20:02:31.406475,2017-03-13 20:05:04.115111,16c582d8-7b5f-4bd3-ba44-2b333ddcb905,25f52371-0e43-45f8-92e2-785e6dbca26a,1000
19c323f2-0a4e-409a-87af-981bb6c5ded4,2017-03-08 20:01:57.223461,2017-03-13 20:04:52.157821,bc987f65-4ca3-4fa5-b26a-1ba4c312f38b,9a3924f7-e87f-447e-bf12-3920946cf2cc,1000
3bac2722-cee1-4030-ae8f-e5daf70b337a,2017-03-10 20:02:37.305410,2017-03-13 20:05:05.144388,c08f5265-a563-41c0-8f06-65a3f9a378cb,6b974fc4-db2d-4e53-89e9-8eed7eaa15c4,1000
92848409-38d8-4b55-a750-e8aadf0e1e5d,2017-03-10 20:02:40.478999,2017-03-13 20:05:05.254105,111b1a50-7db9-4163-9444-8d547b5fdff2,3e4f15d8-38d5-44a2-8994-168045f90a26,1000
befe7e18-3eff-49c6-9d1b-019548729b90,2017-02-17 16:56:52.179557,2017-03-13 20:03:38.998807,342fc9c7-f5e7-4d24-80d5-57703ad6d7b8,5175935e-c727-40c1-a4b6-f05254cb69d8,1000
0f1c3ee5-5bfb-4383-9d74-bc42a7e2fd0e,2017-02-17 16:56:50.320453,2017-03-12 20:05:52.982344,928bb048-0665-46ff-84f4-97581b8788c3,4e6b3faf-10f3-4e9b-bc41-f56e25e3ab9e,1000
60c1c816-edc5-4026-a81e-fa8052e45163,2017-03-10 20:02:21.807062,2017-03-13 20:05:02.227181,8ea685f1-53fe-48dc-83e7-2a78178fd554,57d3a909-3fb7-4fce-9382-86b5af343240,1000
7ac00283-cc8b-4a79-a258-c64eb2639de0,2017-03-10 20:02:42.953832,2017-03-13 20:05:05.451364,fb9eb041-62b4-4442-a6dc-8eef9c5ba8aa,6883dcae-c906-4742-8e2c-9d13da0335db,1000
3fdbb10f-b929-497a-b1ba-42b6928a5935,2017-02-13 03:53:43.292975,2017-03-13 20:03:42.410226,587cbc75-b91e-470a-addc-913edcbc893a,4c86baa2-962d-452b-8cbc-1cecbd639f3f,1000
4327f31c-a2b9-4205-a95e-7f41e7817afd,2017-03-10 20:02:43.366402,2017-03-13 20:05:05.562576,32572c2b-acc1-4d97-b12f-5d4dd78cf812,f69199f3-64da-49c1-8e1b-eacbadf1c01c,1000
a92c39cf-3abf-4b47-aa38-9060aff9f3f0,2017-03-09 18:49:03.205877,2017-03-13 20:02:55.826665,8fb4f279-25f2-4108-98c7-b59a02f2b636,a89ecbc4-4119-4e8b-aa21-80e7def6c924,1000
7d0d87e8-08a8-4b19-93cd-594d80e54d3e,2017-02-13 04:54:31.691796,2017-03-13 20:04:36.900376,7d3a65c9-ba05-4871-821d-58e80072415d,6a8696a1-4a66-45fd-887a-1cce02125220,1000
0f66d093-ae0b-4721-b4cd-d0edd85fb89c,2017-03-10 20:02:26.932494,2017-03-13 20:05:03.732443,4c9b4d6e-a8a3-4aaa-bd48-b015e8c84d8c,1124eb97-0b5d-437a-9f97-47e4224a68c8,1000
af7c5d13-0fc1-44bb-b227-220472837545,2017-02-06 00:01:11.800380,2017-03-13 20:03:26.238370,a626db12-c098-4b2c-9952-7c58c8317299,63f6d6d5-685f-496c-a826-bef77b080f60,1000
ed870917-6e5f-44a0-9291-1bc8b409f60d,2017-02-21 00:31:49.927325,2017-03-13 20:03:22.076308,efdf9db6-1bdf-4c7f-a8c8-4353f324c99c,078e027c-de69-4d4f-a6f0-22a312c531cf,1000
ac25b9f9-4ab7-4336-9a23-959ac30c3bf6,2017-02-21 00:31:54.864299,2017-03-13 20:03:22.346942,f1d08652-6a0d-4ff4-a6a5-3d92c7ac9c87,c7ca3f0f-bb82-4743-af81-6cf28e372c71,1000
cf0d3d80-4967-4e1d-9dc2-78648f52a501,2017-02-06 00:01:11.000000,2017-03-13 20:03:37.191403,dc8d7a56-af98-4f3b-adbc-0e2ea57f3bcf,448729c9-f683-4158-bcce-4c27b1fdbb9d,1000
f92c1fac-d9c1-4781-ac61-d3892957d51d,2017-02-17 16:29:15.350452,2017-03-13 20:04:37.031044,ddf5d86f-fcf5-4592-98d1-78fda14697c3,6f277b2c-3d8a-43cc-91ad-4c92ce505269,1000
ae2c8570-28a3-43d4-9bc8-1ba1ec16777e,2017-03-08 20:01:55.340966,2017-03-13 20:04:51.485175,333cf634-7fc9-4ba9-85d7-5b57e4c66a46,7ab1eeb3-4564-47b5-a7a9-05884e0877fa,1000
3c551edf-1c3a-45a5-be53-32c8d7a2df06,2017-02-06 00:01:11.723239,2017-03-13 20:03:57.594002,1efc3913-9d3d-44fb-bd3b-12cc43fe6336,8c038b01-2397-4ff1-87c5-a061fedb3251,1000
4363dd83-a15c-4b43-920f-8dda75771c3a,2017-02-06 00:01:11.735815,2017-03-13 20:03:59.539138,3c0a4df3-6af8-4fc2-84f7-f130095be168,09f42cf2-fd9f-4423-bf07-231858e890e6,1000
ac99ec6e-b6d3-49a5-b126-969aa4344c19,2017-03-10 20:02:36.094924,2017-03-13 20:05:04.903900,d8b46af8-fdef-4876-9c83-1ede1675ed97,2114f07b-dcbf-4258-be66-bed30e245987,1000
2d18f7c4-87d8-46ab-91f8-f48e48ebe002,2017-02-17 20:53:58.009762,2017-03-13 20:04:38.177852,eca480a4-bbf6-4df3-b4b2-9f21ba48bd0a,879c7c84-ef9d-450a-9223-0c8162d8e2fa,1000
2308125f-b739-4988-9ee1-6249ddb5db4c,2017-03-10 20:02:36.743635,2017-03-13 20:05:05.033855,009543d1-8592-4c02-8f82-91ca355a5b00,3c049031-e15a-48d7-a389-dc07fe3c8cff,1000
801bf145-8369-4c97-84f5-1bb14c448dcb,2017-02-13 03:53:48.858453,2017-03-13 20:03:48.334290,5b7b26a3-50f3-4199-bfa0-0ac3cb41e02b,c8118aa5-c3a9-43bf-aa1f-e035a71fdc89,1000
c8ee5fc5-790f-4cce-8340-e8dd23b6adc7,2017-02-06 00:01:11.835874,2017-03-13 20:04:05.758218,1a514be1-737b-4fe0-9cd8-79b2173a8f40,6c10ae8a-eb05-42bf-bb6a-edf57172e12a,1000
ccd7d44b-d034-4070-b280-cc2333508d14,2017-03-10 20:01:42.603170,2017-03-13 20:04:59.931810,27c714fe-9338-4542-9808-aecb23f20709,9eb88250-b8b2-4860-8d34-92bc92257f9b,1000
f7480cbe-2175-4c41-b967-a106743bcb86,2017-02-21 23:46:39.927490,2017-03-13 20:04:50.084134,63cab5c1-af78-45df-ad44-becc14c441c2,36330112-0c0e-4589-868f-c5f9993a4e8a,1000
afb5a269-8b17-4408-a981-496b46ef502a,2017-03-10 20:03:12.537872,2017-03-13 20:05:06.206256,9c3398ae-c5d5-4a53-a530-87405dc987c0,70fba78c-60fb-4801-8968-c0877d26ffa8,1000
70e260a5-be19-4227-baaf-269442600ee1,2017-02-06 00:01:11.800380,2017-03-13 20:03:27.463587,14b98ad7-d910-4e4f-a2ad-112593b729d8,9c067f3c-053c-4b22-af99-2b72ff04d781,1000
e6ccc993-e6cd-4fe5-adc1-48f036d7dc83,2017-02-06 00:01:11.000000,2017-03-13 20:03:29.055759,5720b449-cb61-466c-b51f-93734f107e6f,fa8e31d4-7e82-4ccc-992e-3e87ca430d86,1000
2a63ceb3-f015-43c7-bee7-e408ce73a5a5,2017-02-03 23:57:26.121460,2017-03-13 20:04:30.439869,b9407a4c-f1a0-45ac-8019-5b9c19ffc969,f3180cff-f01d-4513-aa6e-986f3c353bd1,1000
bc6116b9-6d7f-4bbe-96e2-cb8aa168cbdb,2017-03-10 20:03:15.058822,2017-03-13 20:05:06.788936,61bb4921-c729-49d7-8b6f-785f582fe964,ddbc73af-f9c5-4987-b2cd-ce5840d72ff9,1000
28e57443-11ca-4c4f-b8e2-47f071c8e96c,2017-02-06 00:01:11.000000,2017-03-13 20:03:36.584688,a4a81706-4755-4456-a932-dc3b742505fa,b1aaf005-3f75-4809-801b-bdf73cda0a7e,1000
e89be29e-27cc-4cde-9ab3-a3eb1346e14a,2017-02-03 23:57:26.053754,2017-03-13 20:04:08.181762,5a05e4e6-ff0b-4fbc-ad52-d5fc33c0930f,6981b893-12cf-44a6-a474-c0c42d909f3c,1000
33bb235d-f34b-46ec-a312-6c9d039544bc,2017-02-23 21:49:02.909917,2017-03-13 20:05:27.724999,8ea990f1-506e-4f55-ae37-09079b63850d,6c28a7c1-6608-425c-a912-6231dc2c700b,1000
0a92bdff-1b40-47fe-92f3-5648694695c6,2017-03-08 20:18:38.248232,2017-03-13 20:03:07.569158,933b751f-f072-43a2-aa5f-ffbc575f5cbb,7635fca8-0582-4b87-bb89-6306ff498586,1000
41c91b77-93c1-41b8-ba1b-b729b0d835ba,2017-03-10 20:02:44.763278,2017-03-13 20:05:05.647473,c3e28f00-a297-4979-b68e-d388123b8db5,c174b54a-ef9e-423e-840f-bcd2842841be,1000
4d78c4c1-49ae-4b30-946e-2beb12a26cb8,2017-02-21 00:11:02.469799,2017-03-13 20:03:23.264821,6e82a447-38cc-4868-9cb3-bf76c05758c8,c467231d-733a-487d-8411-dd7425ce20e3,1000
33db4132-17c2-4f58-b89d-ff2945f245ae,2017-03-10 20:03:10.227049,2017-03-13 20:05:05.964420,577ffb3f-59bc-4b27-aa16-4c69e75f03d6,f1c4d280-89d0-46ac-9aa0-b8c27aaf3ed4,1000
0561d6c7-c35e-4bc4-8513-662d41041fd3,2017-03-10 20:03:15.387062,2017-03-13 20:05:06.915080,1b37d2ca-6fdd-47a7-bba8-ab7a0e35d10d,c9364199-fdc1-4c7c-a78c-b44f0154fe77,1000
d51e58f2-f9d3-491b-bc80-aeeae5daf9d8,2017-03-10 20:02:32.780998,2017-03-13 20:05:04.367871,834b4eec-a675-4488-8a6f-23111656151e,1dc11449-a905-45fe-a332-8d338fae434c,1000
b1643228-2b8d-45ca-8995-c53564d1de51,2017-03-10 20:03:10.662515,2017-03-13 20:05:06.040318,19420a4d-1701-4f19-b37c-1c7c10a0af44,c2c58142-4257-4acb-a756-ce5bdee89549,1000
65020feb-6b62-43bd-9f1c-c16c2c5718e8,2017-03-10 20:03:15.791105,2017-03-13 20:05:06.968972,3488d424-fc87-4977-8abb-11327c86f212,e0833526-177e-4c94-aa65-a0ac220ce823,1000
f85aac3e-aa9a-4d10-9986-0b1e4f747cc8,2017-03-10 20:03:16.907459,2017-03-13 20:05:07.317930,06c8381a-349f-4a03-81f3-ad67d33691f0,7a390e24-444b-459f-bd0f-fba89fa1331d,1000
64eb9dca-3ee4-47a5-a1f6-e8273c815101,2017-02-21 00:31:54.661699,2017-03-13 20:03:22.291884,a57aabe1-71ef-4d39-b439-876a23e67e88,5afba54b-8745-4845-af77-03b3c6fd06f8,1000
a597fce8-54a5-4a86-9d9e-585a53017ced,2017-02-17 20:54:00.810514,2017-03-13 20:04:43.087442,b6ad2e63-cdc2-4262-8dc5-a8edc815e591,820d9cfb-aac8-4b4b-957e-1b7a27fc1c04,1000
b479924d-f9bc-45f0-be02-a08262595208,2017-02-17 20:54:01.837530,2017-03-13 20:04:43.244118,425561be-da4d-4729-a68b-f2c4a7a8acad,dc02adbf-ee14-4a2c-9726-fc0e4a7fdd47,1000
f4af6d88-9457-4843-9a9a-207d340a0139,2017-03-10 20:03:17.068159,2017-03-13 20:05:07.373823,8be3381f-2341-4993-a7b9-28a81f8f1620,9967973e-70d4-4830-8350-d3bc78b9fa3c,1000
196b4c68-b0f5-41d9-a3ad-96a0f12314c8,2017-03-10 20:03:18.740600,2017-03-13 20:05:07.871842,7254c74e-85b0-4d63-873c-b846131064fb,cc7f48a3-1360-465f-bfa0-30be3d6fbbcb,1000
bf98cb67-8bb7-4757-998a-b6986e55ba65,2017-02-06 00:01:11.616282,2017-03-13 20:04:09.305487,7a1d5d9d-0ce9-4e69-88f8-135c858130a0,4d698c10-65e9-48aa-953e-70e115045355,1000
6a0a32fc-3efd-4b24-9143-84342202dce8,2017-03-08 20:01:54.499744,2017-03-13 20:04:51.097869,9b43febc-7960-48d6-bd9b-e4c3e449df22,c86702b5-a6c3-4975-bc6e-2df5c558f60b,1000
737da22a-0d12-48a8-9666-d19099ed61f2,2017-03-10 20:03:19.496966,2017-03-13 20:05:07.981701,925fa469-3877-4635-9601-6c7efa2a82eb,6d132da6-5134-49f2-acb7-e25d1e230685,1000
a6384377-ef9a-4a1b-80f0-062d27214cbb,2017-03-10 20:02:35.244100,2017-03-13 20:05:04.566707,79c34ab4-a238-41b4-a39c-6dafca2c7646,5f44c0fb-e80c-4f15-b584-94e97784b6ea,1000
a12feee2-d033-4365-8890-3d63470dbe96,2017-02-17 20:54:02.805404,2017-03-12 20:08:17.567547,5b6a1a0f-d720-448e-8363-d469ad08ed02,0b57926a-efaa-4dfa-a7de-323de22a7769,1000
855de4a3-0a55-4cd8-8423-ff5f7290082b,2017-03-10 20:03:19.840683,2017-03-13 20:05:08.038461,15c7467e-2cb9-4c51-8913-69a16b1e38cc,95f750ad-7622-4965-9f71-4d7cc6c9ba23,1000
049d745f-361b-4ab9-9818-386a86f72783,2017-02-17 20:54:03.142173,2017-03-13 20:05:19.096655,982576aa-41db-498b-b98b-24c4416f3128,4ae31637-7c8c-4ead-873e-cf18f949723d,1000
57781a3c-41c3-47cc-aff1-7553e240dd21,2017-02-21 00:31:53.971944,2017-03-13 20:03:21.490375,184b4e8e-5016-4c7e-9cab-fc7e18d4504a,34abe1b9-b102-427a-9a5b-5852a3acdd93,1000
8cf16b6b-6cb8-44b5-9c05-dba0c3c96da5,2017-02-03 23:57:26.088234,2017-03-13 20:04:32.473622,f6b764ec-3933-4d0a-bc0e-915121d666fc,b8179499-93a5-4c74-ade6-b860a4992cde,1000
c6e76a3c-d400-4569-b03a-453807dfef97,2017-03-08 20:01:55.121957,2017-03-13 20:04:51.302029,e27ec404-e2cf-43af-9c4f-47ebb336dd5a,62e2b974-f8bf-42b9-934f-b95826d400fb,1000
76774168-15ff-4c27-8592-363724d3f34c,2017-03-10 20:03:13.423113,2017-03-12 20:03:36.636126,0ecd2eff-a184-46c9-9e8c-8d17b88f70f9,eb7f9aed-77c1-4db5-83f0-9dbf1d90252a,1000
975c3602-1cec-48da-8be7-bf711782c604,2017-02-21 23:46:40.259803,2017-03-13 20:04:49.893034,fe071433-97af-4426-b191-2d465085c1fa,10035d7a-3e33-49c4-9523-00b04e0857fc,1000
3018895e-d57e-43e5-a7fd-d85cbb5ee6fd,2017-02-21 23:46:40.582874,2017-03-13 20:04:50.592406,ac220e16-61ce-4fe0-a687-2f1e38ea6902,f352b2df-0d86-4210-9202-514061e17b09,1000
366fa514-4931-41c1-8d23-b2fad733719a,2017-03-10 20:03:21.492834,2017-03-13 20:05:08.194373,785218ab-64c8-4556-a2de-7dae5fe5c72a,789ed632-3287-47cc-aa2d-3327278820b5,1000
712246e4-9565-445a-9d12-dddbd2de4d3a,2017-03-10 20:03:22.817286,2017-03-13 20:05:08.349438,3f44a891-52ca-4b07-9116-d393265fec67,a99d2146-10d1-4ffa-a9c4-47e259b4174c,1000
a08aef1f-f68f-4add-81ae-d22898c71dbc,2017-02-20 22:22:03.023016,2017-03-12 20:03:57.102115,d42a9ff0-b120-45cd-af19-2d9218971a19,b8c45d1b-c460-49ba-97e9-f395f9178dc4,1000
9022712a-041d-4b6d-91d6-8e3842dc459f,2017-03-10 20:02:39.327026,2017-03-13 20:05:05.199194,aeef0602-7e12-4362-a05e-d51f5778f26b,a2fb82b5-71fd-4729-b7f8-d8d150dcd64b,1000
2e81ecdb-59db-4336-bb7d-ecdaa06d317d,2017-03-10 03:02:39.378840,2017-03-13 20:02:42.469473,40adb828-f299-4732-9400-063e7c941e17,24b4f850-3e1b-4fd5-9460-c5f0c10ee3c9,1000
a5875831-2f2e-456e-a237-6c5f6d8a3eb2,2017-02-21 00:31:51.918594,2017-03-13 20:03:21.313565,ce9be703-cadb-41d2-a127-5529b02c4b04,24a19dc3-d2b8-4d5e-a88e-b279e1902362,1000
d2c43b1c-4c4c-4cbc-8589-7aaa121ad6c3,2017-03-10 20:03:14.536424,2017-03-13 20:05:06.733059,4cd8e2db-072f-4647-a04d-6f8c0b21421f,bfc2e92d-0cc2-4a10-a62c-07eede98d42e,1000
49fcd770-28c1-4f88-b0fe-9d7a423733e1,2017-03-10 20:03:46.093615,2017-03-13 20:05:08.668959,569f9688-b6d1-4d36-a0d6-2e2d7c8af2e4,9bcdc3be-f815-45ec-a3bf-c70e7e97b041,1000
c9bfd44a-e6ed-4c6d-866e-a605a038ecf0,2017-03-09 19:05:43.341347,2017-03-13 20:02:46.397780,e80b5b85-73a1-477b-9394-5f1e9ea72fe7,d89d7e67-acb2-4004-80a6-2ac2b13e5b74,1000
73617397-3067-447b-982e-199acde727b2,2017-02-03 23:57:26.010024,2017-03-13 20:04:35.847402,4d79aede-20a6-4d39-80ba-e66381922406,cfc3343b-adad-499e-9520-4331716e0bfc,1000
4de69abc-8216-4a2d-9684-83741dd639a2,2017-03-10 20:03:46.821220,2017-03-13 20:05:08.836511,84588ae0-c3de-420d-b6d8-a32ea66e7087,ca4ca7a5-e265-4cd9-bc72-e18d26c7a5ba,1000
7f5681b7-3daf-4f4c-a4c4-1160997487e7,2017-02-03 23:57:26.357531,2017-03-13 20:04:36.469096,0f19ffd0-f1e4-4a51-b2d2-36bbfbb7aa14,b25cf038-58aa-47fb-8e06-ddede1fcdd54,1000
b57ffd0e-6397-4d6d-b2d5-3a3b1fac8cf7,2017-03-10 20:03:47.370997,2017-03-13 20:05:09.036090,47a77fae-06f9-4163-981c-3e9d82f0c65d,484df840-3324-4f74-8617-fde13030823c,1000
c21b05cd-57e8-43c1-90ae-db75b5a51573,2017-03-10 20:02:41.484890,2017-03-13 20:05:05.316673,4e3e8a27-14d1-48df-a0ff-df1f6a04da48,0cb7b20d-3db4-4e9c-91a3-3ca9c0e7024c,1000
e286cbba-f9ba-405f-b791-59b20de709a5,2017-03-10 20:03:16.079387,2017-03-13 20:05:07.037215,80ac757c-d1b8-40d1-bd5f-a0c9f94fd41f,32df9419-639d-4cbd-92a7-7896cce7cc86,1000
28167414-3fee-4bb2-b3c0-daf745f990c0,2017-03-10 20:03:49.073775,2017-03-13 20:05:09.209130,8abf13cf-1e8f-4ada-b5d5-4729cac7a4f5,18495be7-17e6-4567-9972-eedf8ca77a69,1000
3561adc5-4b30-4622-a4bc-c128fc29cc83,2017-02-21 00:31:50.798000,2017-03-13 20:03:21.114414,8ee1241d-74a7-4e30-8d6b-1dddc19595f5,330df712-5c03-4e32-852c-5c0e5a5a8ea2,1000
a5723636-cd18-4de1-bfaf-629989c7fa3d,2017-02-03 23:57:26.346350,2017-03-13 20:04:36.835258,bc1e4f3a-0709-46e0-bfed-91aa3f149e2f,6bffba15-fe64-49a7-a3a7-89f55b11d8e6,1000
dd99ba9a-a216-47bb-b959-eca7f12afbac,2017-03-10 20:03:49.817540,2017-03-13 20:05:09.273708,e2c64658-d49f-483f-a590-86b7d29c836f,66efc8e0-b081-4f95-826a-fd88a80741f0,1000
ec5f720f-8472-4414-b756-591504e8942e,2017-03-10 20:02:41.916219,2017-03-13 20:05:12.047444,054984ed-6692-40aa-95ee-9c19c4b02a20,2aa26c61-9624-4535-89c9-49b20764fe3c,1000
0af25cb6-8a7b-46a7-9c15-73dbc33626f9,2017-03-10 20:03:52.471226,2017-03-13 20:05:09.426222,498c5991-af4a-40f9-870a-384f01d88d94,cf6437d0-7cea-4c69-b70a-85d10e6827a3,1000
ab30bf73-a520-420b-ba78-f09a94b87d22,2017-02-23 21:49:00.144332,2017-03-13 20:03:20.073693,753aaa73-83e4-4612-916d-4a75c55571b0,864e2e3c-35cc-4385-be56-94bc172eb774,1000
276c4539-dcd7-4f8a-9028-09bf3fdb05e4,2017-02-17 17:11:23.220658,2017-03-13 20:04:37.546131,19d82347-05a1-4540-98af-1e67d1efa541,4f039ad5-99a4-42df-a6c6-0756ef380868,1000
734711ca-6480-4d61-ab2f-aa5bac24e58a,2017-02-20 22:22:05.892231,2017-03-13 20:04:48.963522,c04234d8-57e5-45ba-bd41-7a915c3ac7bb,096206cf-58fc-45e2-8343-0945b19971a4,1000
ff9c1f41-0211-4e5f-9b6a-16d68e85be13,2017-03-10 20:03:16.383924,2017-03-13 20:05:07.123597,bebce321-2564-423b-b4b2-9757506091de,c54e34a6-00d7-49ad-95cb-6814561f316f,1000
5fe248a9-62ba-4879-ba00-b8f530bc11b9,2017-03-10 20:03:17.751530,2017-03-13 20:05:07.498151,0f998916-c67a-4509-a680-49cd16a749f3,c2f86d75-6146-4036-a6aa-8738e3e80618,1000
3db0a4a1-9a8f-4691-94b1-9699bdbd3ba2,2017-02-13 03:53:40.753967,2017-03-13 20:03:52.897891,60fc3658-db33-4aa8-b622-26c42a5ee886,4d9b2baa-0114-4d5e-99eb-e30e1d2a35ea,1000
79fa5847-db25-4c42-964b-36126fbe5420,2017-02-17 17:11:22.724673,2017-03-13 20:04:37.763828,cb9408e8-be23-4043-beb6-a1439992c9bf,c26c8e7d-cbb8-4302-802b-aa1a94783f92,1000
c10db06e-0eeb-4838-853e-f1587f9248a8,2017-03-10 20:03:56.346871,2017-03-13 20:05:09.716304,9c16f087-8461-4943-9f63-dd2f597b2bc8,b2efa0ed-9bb7-4a40-be93-1fc1f683b6ed,1000
fbc275ce-505c-4e5e-91b2-fe5bd1cb8164,2017-03-06 22:47:15.851826,2017-03-13 20:03:19.102246,5076c153-b033-4044-ab9a-22d209c530f3,a4a76c51-2987-4c54-a4f8-98b6124df340,1000
f3b44d87-5f39-4cb5-9f94-240f529eaffa,2017-03-10 20:03:18.928155,2017-03-13 20:05:07.926636,a20ea623-b365-4717-b27a-24ddff7db632,ac80d35d-2255-49cc-ac58-889e34a7bc2e,1000
243cda8f-f893-42a2-bfaf-231e59e83dd7,2017-02-13 03:53:51.560639,2017-03-13 20:03:50.482526,51b27e9a-3fb1-4a51-b5a7-b9c9e26ed659,7d527c5e-120b-43c8-b256-6c9d0b7d8411,1000
481bf7ef-7e9b-49ed-9b25-d360c0ba632e,2017-03-10 20:03:56.913346,2017-03-13 20:05:09.775645,97221d50-dd92-4e4d-9d33-70eb1e9c10dd,bb3048fd-1671-4d19-922f-c8cde5d8a067,1000
392b18ba-53b0-41e0-9620-a73b65927234,2017-03-10 20:03:57.501526,2017-03-13 20:05:09.841516,59900df5-7c8c-49f6-8b45-92b1d338358d,db80a130-9280-4605-a986-b77fa4269a51,1000
241913e7-10fd-4def-b207-c41cebbe32d6,2017-02-17 20:54:07.837177,2017-03-13 20:04:48.471198,9c0d9b53-de94-4bff-a16f-0eb8b863e4ee,56188714-4b5e-4ef2-bd21-defffe9bed09,1000
9d5675fd-444e-441b-b35a-f70835d4cccd,2017-02-17 16:29:16.784903,2017-03-13 20:04:37.241950,cbaddd57-e9e8-4562-bc72-5bcfe322944e,94ad7520-9764-4c1c-a6f5-d3c65e804b8d,1000
51bf989d-de46-4a5f-ac65-7baae0668897,2017-02-17 17:11:22.160635,2017-03-13 20:04:37.314375,64e862f0-00c4-455d-bdc6-53d159645769,b0e917f4-844e-4955-a217-d2e53bda2ba0,1000
45ecb8e7-66b1-4975-9ae5-f79af0471bd7,2017-03-10 20:03:23.287299,2017-03-13 20:05:08.402605,fe0f618b-24ff-4bb8-8058-53ecb8923b61,dd426b17-eb34-42a4-9d88-2846c1e3b292,1000
b57defa3-f7db-4e60-9ee3-13b9779cc3ed,2017-02-17 20:53:56.674142,2017-03-13 20:04:37.970968,9a335e91-0ad2-4be8-9add-396e73b6feb0,03eccbd8-e589-4ac1-b4bf-f62c69e74511,1000
044b6188-8956-4b3b-80b8-cca5e8f86eb4,2017-03-10 20:03:59.714586,2017-03-13 20:05:09.899640,06aef6c5-7ff4-4067-b718-61342f0fc464,2f7fb58d-d1e0-40e3-976b-5b78479b1c82,1000
44f4fb21-847b-4488-a495-91989b9b9fe6,2017-03-10 20:04:06.857191,2017-03-13 20:05:11.549711,380d7e0c-d7e6-490e-8f82-54360e9cc9c8,67dbe1b3-2085-4598-9481-5686545fd41d,1000
12be0aa1-aef1-4f30-a0da-a99520795234,2017-03-08 20:01:57.704221,2017-03-13 20:04:52.217241,82cb51f6-2fa2-43db-80e1-23d8029a034a,fb44e007-68d1-4108-b5ae-51a26fb95642,1000
b25d46ed-5581-448e-a328-7885498ec6c5,2017-03-09 18:42:15.178033,2017-03-13 20:02:58.143761,2b74e06e-0137-46d2-914f-1082f42171a6,c5353f6d-a8ac-4348-9d04-643721632da5,1000
e625ae02-3bf4-4f97-85ed-a080dffc4979,2017-02-13 03:53:42.677492,2017-03-13 20:03:42.350872,3f498105-5e94-4170-b3f5-d108382d826d,95033bc0-7f0f-414d-9139-d9eb6bba63a0,1000
e68d2b0f-3a43-4473-93d5-6759c17a0e91,2017-02-17 20:53:56.893431,2017-03-13 20:04:38.127043,8a65422a-66ec-40e6-b8d8-9ac955b05b2b,3eacb278-c21f-4e3a-9c91-0cba72b925c0,1000
e00ec781-9fce-4c03-9de3-acbad33baa71,2017-03-10 20:01:47.069841,2017-03-13 20:05:01.246809,08ad9846-c1dd-4980-acea-ec53ec3e6aa2,3342d03b-0710-413c-a6c6-1da01e028685,1000
9308f38a-5659-4a82-8069-9943c2c47e12,2017-03-08 19:47:16.043226,2017-03-13 20:03:13.318860,523b5f36-a981-4aeb-9387-263d8a928125,77d5ddf8-d758-42fc-a587-e0e3b9bf49b2,1000
58529615-d8ab-44c4-9110-9aae36abd2d3,2017-03-10 20:01:44.886484,2017-03-12 20:03:42.786260,1e08783d-aa78-4a5c-b23b-c06dca8ab8f4,701da9fb-b2a0-486d-8e51-c92fb278bc95,1000
9e327b48-f551-46e7-95a7-86f6df3eecce,2017-03-10 20:03:47.075055,2017-03-13 20:05:08.903402,d20771e5-c67a-4c82-9bd4-18320f345745,c639ab61-131a-423b-9664-93cf69c142be,1000
0e36af17-ddf1-4d11-8d50-26b9af50851c,2017-03-10 20:04:01.352705,2017-03-13 20:05:11.609850,cf8f17e4-1caf-487d-afd2-462b42f27fe2,091500d8-0aa5-4504-9ec6-d4b9aba61cb4,1000
e3c54df1-ca7c-4df0-bc3f-b5d1e2347bc0,2017-03-10 20:02:25.593787,2017-03-13 20:05:12.189137,67b421b3-44f8-4b4d-a430-290f35cd17e6,c51435d8-1498-40a9-b0a9-248c8d56bef9,1000
5d640735-bd8e-4a51-b7c9-2596a593bf9b,2017-03-08 19:49:41.731396,2017-03-13 20:03:11.184814,224d1a92-7058-4d45-82c1-07811d440245,db09a79c-60d1-42b3-8ac2-62afa12b1b2f,1000
6e6bacf4-e786-4bf9-934a-82a4ac856350,2017-02-17 20:54:00.590483,2017-03-13 20:04:43.033364,e944173b-dac2-48c2-837a-be80f6b286ad,059897be-8d45-4fd9-9988-6fa0b6fe7778,1000
8303bdb9-be6e-418c-9730-87b3e0d73176,2017-03-10 20:02:45.487918,2017-03-13 20:05:05.701645,c8eb4d2a-4467-49ae-9091-5ae2201e7362,c4e6ab98-3efb-4222-8558-588827909c5e,1000
41941665-f11c-41dd-91ad-37a6ccfe0aee,2017-03-10 20:01:47.887846,2017-03-12 20:03:42.204317,25104006-731c-40c6-8c5f-c5be26a8608e,352fed9d-eed2-425f-8c1d-20bb77752395,1000
789577c3-7388-424c-aa34-0db2fc0ac9d3,2017-02-21 23:46:43.080498,2017-03-12 20:03:55.614299,a393fd4a-22fb-4e06-a421-5dfebec46f8a,d258c45e-25eb-4287-b90d-2bfc7a0f1c78,1000
868943c3-a1ef-42f3-9b49-9c865cef00cd,2017-02-21 23:46:43.422664,2017-03-13 20:05:13.316830,65892172-6774-4561-b0fe-d730948a07f8,10759798-76fe-40a0-aa7f-cc30d235674d,1000
220d3598-09b8-4ad2-a713-6f815b7ac742,2017-02-23 21:49:00.391266,2017-03-13 20:03:20.510669,146428fa-8cb8-460d-b50c-1dc8c4cd0511,ee3d21f6-c442-40f3-8e8c-64bde98633bd,1000
b586e0f6-cbe8-4e9b-9c05-061dcc601b6e,2017-02-13 03:53:53.284144,2017-03-13 20:03:50.905328,35041ec2-ae48-4530-afd0-2324b2e5221d,29ac0ff0-ab93-4c28-808f-cfc9f6877058,1000
51f6296c-e00c-42c8-8639-aa407b147d05,2017-03-10 20:03:09.817733,2017-03-13 20:05:05.903344,884eb126-610d-4607-a7b0-762f7a062d3f,15b8982d-d640-4f70-a398-d5070b2b044a,1000
e4eff00a-7223-4cb8-98d7-e24ec7f35510,2017-02-17 20:54:07.569278,2017-03-13 20:04:46.571329,df34a5bf-0c51-483a-af92-ccb393e7bfb5,be774a09-f6e5-4e2f-8295-00f24bae2461,1000
aef31c58-af4a-41e5-a5aa-3304642c6cc8,2017-02-17 20:53:57.167600,2017-03-13 20:04:38.407147,336a4615-02b5-432e-a6ee-e3f14431c358,e63d345e-120d-4212-ab88-c39b330d5875,1000
c336453e-dc22-482d-9eca-67bce7615f9e,2017-02-17 20:53:59.242278,2017-03-13 20:04:38.594758,eae30fe5-9d65-461c-a1ec-17632921f05c,9b96d7db-5b4c-4ef6-bc84-5faf41b8f634,1000
896e10be-f240-4b16-aaf0-c84557349be8,2017-03-10 20:03:11.812525,2017-03-13 20:05:06.106604,9bbd66d3-6c4e-49f7-8cfe-9e5a0a869141,02f58085-d7d4-40d0-8f82-5057b3085267,1000
1abfc3ad-919e-4f71-83c7-2df1b0cda77d,2017-03-10 20:03:12.058225,2017-03-13 20:02:26.115776,dd5f014a-51ca-4d85-900f-61c3417ac275,dfb46b58-b9f8-4a15-9354-4b4bf7e5ea93,1000
e541dafd-bab6-4289-a416-986b13355c1e,2017-03-10 20:03:55.708912,2017-03-13 20:05:09.645859,55ada2b7-3e62-4159-afaf-3f5b1fc9c2a5,6666b0d9-f6bf-419d-8e87-9c0c0eb4c395,1000
c6ecd2a9-a486-4daa-aeb7-55a4f65f0350,2017-02-21 23:46:45.061901,2017-03-13 20:05:13.518085,6fb43e31-6182-4770-a278-d7f91270d371,e1620f9f-0126-40cb-9569-f67215349aef,1000
92ab7409-27ae-452b-b038-cfc0a92ca8a5,2017-02-13 03:53:43.526881,2017-03-13 20:03:43.151929,3d09ce65-4ac5-46ca-a3f5-7e3949cce731,50a192df-0453-4653-9965-b495d42a73c4,1000
6e301b31-3a3b-4a00-b34a-991ae74f140d,2017-02-17 16:29:16.382562,2017-03-13 20:04:37.102957,b3df160b-0b3c-4958-b7c4-7409cfa10786,3c74037f-4945-4cce-982e-d0fd5ccf3395,1000
36494669-e9e3-409f-bd29-7869c276e517,2017-03-10 03:30:21.931093,2017-03-13 20:04:59.602592,8e85e3e7-0839-45c2-bd82-6108b6291e9d,cfd6b9ac-f03f-48af-9ca1-92c2ad558bf7,1000
599f3c58-84b8-4255-a61e-1ce1525dc192,2017-02-13 03:53:33.862821,2017-03-13 20:02:28.610544,441ea440-ed06-4702-bfe1-afb677711fd5,dcc19e37-a211-4c4a-9555-9620dadc23e5,1000
abaea8f0-c602-4158-914a-9e872a894e80,2017-03-10 03:30:22.743744,2017-03-13 20:04:59.786415,9e48f4fe-f401-4761-ab2d-3e7bdb472207,8b3d938c-f659-4b36-a913-912b29b83ec4,1000
e614deb9-8e48-400f-b90e-af7875b40446,2017-02-03 23:57:26.165279,2017-03-13 20:04:30.019019,d799fd96-5584-437b-8043-d80629519a4a,0d897200-e9be-4801-a564-9021b77f5043,1000
35fef957-6691-43c9-989e-d53cf830a762,2017-03-10 03:30:21.255872,2017-03-12 20:03:43.483818,a6962e47-7eac-4c54-b3f5-74748aeb918b,bc6873ea-0592-4e93-bebf-69f39cde3b6b,1000
59332380-d23b-43ab-8953-35bc78e93159,2017-03-10 20:03:13.197220,2017-03-13 20:05:06.388086,ab3b4c0f-794c-4955-8110-b8747816f057,9c72ec21-2658-4f2c-a002-b860cb52623a,1000
5f54b6ee-1f58-4a33-98ea-54630fbbaa49,2017-02-18 00:04:44.969085,2017-03-13 20:05:13.640010,2a84c0a1-db52-442a-a144-5260dad94f0f,2aa697f9-a3ea-4522-b3a4-f84788989c59,1000
7b9e5edf-1f85-4c92-ad86-73115ec8ae58,2017-02-13 03:53:44.012611,2017-03-13 20:03:43.344777,85dfa4d3-4630-43a3-b9ac-7c6507086721,c2f19405-5fae-438f-9994-6458e20eb2f6,1000
59711bae-9453-47cd-ab75-0ccb64e2bf63,2017-03-10 03:30:18.927366,2017-03-13 20:04:59.352531,447333ec-7f80-44c8-987d-15235ed60f79,eeef9a0a-08bd-4bf4-b87d-62b74d256b8e,1000
12634670-26bc-47a4-9cdc-ef4b1db02931,2017-03-10 03:30:20.113549,2017-03-13 20:04:59.428186,6dca92d8-f5f5-4f95-8dbc-05fff077c69f,374a6f6c-6156-477b-948b-1174ea44e067,1000
a618e94a-d136-4eca-910b-272cbc0c750a,2017-03-10 03:30:20.788775,2017-03-13 20:04:59.495997,ea45cae5-2487-4501-8157-0982f1254ddc,e7204362-f1af-4f49-a624-dd5de30e7f83,1000
2a67de07-efbd-4bf2-8755-a9ad022b9c39,2017-03-10 20:03:14.190062,2017-03-13 20:05:11.985282,821d75a6-c126-43ae-87de-cd78387b5588,49073ebd-c4d2-4fb8-bcee-832045f576d0,1000
94c68fb5-e5de-4588-bd8c-384a35aae460,2017-03-10 20:02:24.027863,2017-03-13 20:05:18.700809,9d12c51f-c8fc-4d34-80ad-9c86a56bf4f9,721681c3-ae78-4527-93dd-13da42ea24e7,1000
64b1d9ee-c09e-4f23-adfd-7418d026c7a2,2017-03-10 20:03:13.788180,2017-03-13 20:05:06.532545,b3ed1aea-fc79-44b9-8e63-aafaea83fd8c,ce2b636c-7aa5-48d8-94f7-e685f45a167d,1000
df4e5ea6-8466-4941-936f-7bbcff4060c7,2017-02-06 00:01:11.729372,2017-03-13 20:03:59.062977,fc873f86-e7af-4ef4-9340-514ee65dce70,5640004b-4aa4-43a9-b23c-4d690a079071,1000
b365a684-ea1c-467c-8d88-48008e37915d,2017-02-13 03:53:52.100317,2017-03-13 20:03:39.741897,48e12601-1280-4b14-9406-dad33a4f5ae2,1439ab86-17b9-4b0a-8a41-44089eaa50d9,1000
4d3bc6ea-4ec8-4dc5-b6b2-73e50f65e6ce,2017-02-06 00:01:11.852676,2017-03-13 20:04:06.028946,329fd853-7883-4fd7-857b-6b6b50b7fdc6,5f59a103-ac02-42c7-ae57-78fd881d651e,1000
f6a9748e-f4b9-49f8-a1dd-daae6446d03d,2017-02-17 20:53:59.497690,2017-03-13 20:04:38.642171,d6015d99-94f8-4345-9523-f31b6c72bba3,f18b74ab-96c8-4400-8bf4-140632ac9de3,1000
7425b788-5395-47da-95d0-918e86c1195f,2017-03-10 20:01:43.023525,2017-03-13 20:05:18.822626,91130fd4-4fa3-4de2-8e99-17fbf048978e,661f6b07-ee13-415b-b433-3d56280f2614,1000
9bd121a0-8275-462d-8bd9-811459aac68a,2017-03-10 03:30:18.481159,2017-03-13 20:04:59.289293,5b375e7f-0ef1-48da-aaf2-4917b33c5304,77fefaa0-c024-4e23-a476-ac989a5b9cb6,1000
e65ddf3a-5735-4c54-aa01-3992791504d2,2017-02-06 00:01:11.711029,2017-03-13 20:03:54.693840,09819c9f-6377-4c5e-85d9-0237468d38fe,ef90611a-1534-4d10-a399-029ac453c999,1000
80a46f9a-66be-4c44-99ff-f35e5f77698d,2017-03-09 19:04:05.709979,2017-03-13 20:02:48.036828,4961f396-105e-4734-9d41-c6d6ec0edf02,f1cd7c3b-2127-44f5-8629-50b6819b1822,1000
d74e2e72-b8e7-409d-91b7-a207546d4248,2017-02-13 03:53:36.483262,2017-03-13 20:03:40.116856,0b234ee5-cfde-4d73-a95f-d251c79c9def,f14ffa82-e35f-4f91-b668-c3362c0a20b2,1000
22bbf90b-0908-445b-bf42-fd12ffee9b91,2017-03-10 20:04:07.486570,2017-03-13 20:05:10.797066,caf004b1-544b-4163-ada4-94a7ca8dc5d5,4a3e9747-a392-4406-af21-920ea07a0870,1000
d60897f0-457d-49a9-a58a-65e9bde3d404,2017-02-17 16:14:01.792020,2017-03-13 20:05:27.674041,85be94ad-3f31-4132-9595-11c3d6962227,f62bad26-e345-4360-ba22-53586fdda11a,1000
6034de5c-dd4c-4dba-a5cf-29b2b6ecbd1e,2017-03-09 18:53:16.265050,2017-03-13 20:02:30.140252,83b1a7b5-77a4-46ac-baa3-d7e5a87614bc,896b0199-4bcc-4c3d-b41e-31bab9a74a91,1000
a43eaa0b-6e04-4db3-8a6b-656e78118eab,2017-03-08 19:27:10.605160,2017-03-13 20:03:18.806368,c6065160-dbe4-49d8-9410-f45cfd614225,aa456e6e-b670-414c-b624-ce88ca59db2c,1000
7e19f4eb-7921-4c61-9a92-48c5fc224c4c,2017-03-09 18:50:03.280652,2017-03-13 20:02:54.275256,1fbdae18-21b3-4546-9684-67f325dd2647,66a3e81c-a646-42f3-9a8c-1435354cefc8,1000
385c9d2b-21b7-4763-9c96-cace78704662,2017-02-17 20:53:59.752579,2017-03-13 20:04:38.823166,7e22d07b-f09f-411a-890f-17da13327776,51b89aa1-f326-4202-9dbd-8550fb303676,1000
14393efc-d2ba-4d1e-b18b-2dc68867e806,2017-02-17 20:54:00.377121,2017-03-13 20:04:40.503502,c9fd3b46-ab86-43e8-9c86-53e1e2e34135,8300c27b-c3c7-4c99-93be-151d08239e3d,1000
1881fcdb-0fc0-4126-b5a7-0cfda15f6296,2017-03-10 20:03:16.643553,2017-03-13 20:05:07.268422,87075531-3d78-4077-94e1-80a33d23a4b4,aaacbfc2-3fb1-4bd8-9755-46372ed30ab1,1000
4e7315c7-f0e6-4e5a-a71f-5d58a78e773b,2017-02-17 20:54:02.387508,2017-03-13 20:04:44.723528,a23074c0-e4fc-4644-860b-fb143c9dd91f,c85960d9-bdea-45d1-afa2-7ea2a19e8da2,1000
ca58d411-b524-4590-884e-265a34527690,2017-03-09 18:44:33.995990,2017-03-13 20:02:56.879703,dd4c4bc3-bb9b-42b1-a0c5-b4ebe55faff9,3410a215-a68e-4a9a-b4ec-a403be6b059b,1000
ddedcb73-a4dc-413d-926b-a8120fe32935,2017-02-06 00:01:11.780482,2017-03-13 20:04:14.583987,a6bc04dd-98f1-4b44-bd96-1da6650d62e7,6fadab1b-c650-400f-b3f6-c04a61d41ec9,1000
69a77fbc-5f94-4f76-9d99-74186dbcd981,2017-03-10 20:03:17.911018,2017-03-13 20:05:07.667291,54382bdd-5e47-43ea-9f9f-f5a44ee68d2c,959077c4-325e-4c93-95ce-00d1e585ce70,1000
1adcbb1e-74f4-4a18-8db7-7f9154511f7f,2017-03-10 20:04:10.052224,2017-03-13 20:05:18.240519,610f5a3d-971c-439f-a5be-078814ce02d8,19cd999d-c265-46ea-af2c-1b71aeeda897,1000
287e262f-7720-490c-82a3-e9907c4cd3aa,2017-03-09 19:08:29.691636,2017-03-13 20:02:45.489976,38c38cf3-6e4c-4a6f-a30e-11e008f662b2,5775c40d-fc92-4c69-b637-6f984655d28d,1000
89fda5fc-db3a-46a0-a2fb-6d00458b2394,2017-03-10 20:04:10.290534,2017-03-13 20:05:11.189703,708df121-506e-41b2-99b9-7a9da0f0e825,4efa8fed-7668-4b9a-b930-513c1c536bf1,1000
a4a69aa9-4697-41b6-91f5-8d55f36b0050,2017-02-06 00:01:11.663122,2017-03-13 20:04:12.825242,e7db5d1c-bb35-4db5-a146-55e253260587,fb9536a8-58fe-44f0-99aa-aad51aeb243b,1000
8f396999-a444-48ea-b705-9f28102d1514,2017-03-10 02:59:33.757219,2017-03-13 20:02:45.385302,cf771990-dbeb-443b-93a4-bf8ad802bfb2,93fa357c-480a-4974-beb7-ef35276a7598,1000
b866f2f6-7670-4b27-9857-3ee824e27e9a,2017-02-03 23:57:26.335308,2017-03-13 20:04:23.713743,93bcec04-5818-4c15-b78e-7a34c399090c,c27eb174-e290-407e-b214-fac085106311,1000
ceaa2273-e56d-4ea3-93ed-24e309db1b01,2017-03-10 20:03:18.322562,2017-03-13 20:05:11.918051,c5095ca0-d6d5-4ed6-8d38-9a908fedfd35,6f956246-bea7-4de0-9e3d-405c89908fab,1000
ca355eb0-b731-46ac-a901-d4507d5c85bb,2017-02-06 00:01:11.000000,2017-03-13 20:03:33.534488,e352140a-5a9e-4ad5-8063-5b9b8cc02e21,aa315de8-4aa4-4845-a3c2-c43655aec9f2,1000
6ab985bc-7934-472e-8160-dd17a7aebb29,2017-02-21 00:31:54.538700,2017-03-13 20:03:22.230391,c9ba11f8-c4a4-446c-9a28-3c392147ada7,7ab05f68-27be-471c-89c2-9650608257da,1000
397dffd5-948d-4ab2-acf9-446583273d1b,2017-02-17 16:56:51.268747,2017-03-13 20:03:38.919624,414de73a-ccc3-4aff-8839-5d2076a9b4c8,4a90724e-69f5-4302-b605-ad2b70ceafcc,1000
239c4098-d88a-4377-b888-bc9b1903ce0b,2017-03-10 20:03:21.755067,2017-03-13 20:05:08.254785,62eea32d-2a19-479d-9674-52fd6fb7bec7,02fa2dc5-3ca2-4463-aa02-a609d813a5b4,1000
6777ece3-f6ec-422e-9885-a11cd94e86e8,2017-03-08 20:01:55.620241,2017-03-13 20:05:13.257692,2707a89d-3ae6-42e0-91db-c7ac0df07b83,c6f378d8-ee50-4dfc-b805-c22e69bd3aa5,1000
9d9217aa-2fc8-4125-8c83-0f337548226c,2017-02-13 03:53:41.973197,2017-03-13 20:00:52.277782,8fda236f-400a-485f-ad0e-7660737fd908,a2c195a6-26b2-4575-a310-16722b5f920a,1000
a39da3f4-24c0-4e19-ad78-973e3306f9de,2017-03-10 03:00:56.303492,2017-03-13 20:02:44.802489,6215d636-73f8-496d-a66b-0b863fafea32,733ae754-4e3c-4447-ab54-79a2b5287169,1000
27fbf64a-3860-442a-87ff-75836a24e456,2017-02-13 03:53:38.872167,2017-03-13 20:03:51.942536,ca4fc45c-c9b6-4dbe-befa-f33f3f5f3ebb,1d51782f-5223-4be7-921a-87fefff7289e,1000
a15cea18-b1cc-4557-8059-26baf8932f0b,2017-02-20 22:22:05.573444,2017-03-13 20:05:19.020824,6ae99771-46aa-436a-9762-ac38425dc6aa,c7bd334b-6b66-4498-a639-14adfc58b020,1000
d21280c6-71aa-41a4-837e-a0a0a814c8d0,2017-02-20 22:22:05.078876,2017-03-13 20:04:49.123319,2a07b9ae-70c8-47db-9a86-4706c9ae688e,620b6195-0c3d-4bd6-a327-88752ca22ab9,1000
78672367-3135-4a0e-a15f-537a80b97e3c,2017-02-23 21:49:00.713509,2017-03-13 20:00:50.531003,38eb817c-7e34-47cb-92a0-588d5dffc176,dd7c3247-d429-41f4-bd57-b95b5850b248,1000
8992bebd-1e90-46b3-a4d0-48f7ad4d3827,2017-02-21 23:46:42.491964,2017-03-13 20:04:50.991735,4424fffe-ba4e-4ff2-acc6-538d2ce709a4,02f4e51a-ac18-4b52-9ea3-f225acfda86b,1000
9e5faf76-fef7-48a9-b652-2880c9134213,2017-02-13 03:53:44.964016,2017-03-13 20:02:28.539507,381b903b-2f9c-439d-899a-1162055f3bf8,d1a7c52f-4c7b-496c-9663-b4d92b05985f,1000
62234b07-7f3a-4464-a70d-93da6c00ff1f,2017-02-13 03:53:40.248248,2017-03-13 20:03:40.754372,ec6cbaf3-e465-4111-92a8-af119d0a232c,ddc6becd-bfb7-4368-af1b-fd18146f1116,1000
2c3fda11-4a1d-4f6a-be6c-e15d2e6be904,2017-02-13 03:53:39.224775,2017-03-13 20:03:51.768757,c959f25a-fa73-4a77-8055-d520df7418d3,f3300cd1-8fc9-41c8-b3a9-e4600b6e25f0,1000
ce4f250f-992e-4e7c-b0cf-2b9dba286bec,2017-03-10 20:03:45.651118,2017-03-13 20:05:08.617257,1c01ad32-4000-48cd-a61d-4369199d7697,a503ff68-b947-4ce5-9b20-917bd08984e9,1000
b20889d9-613b-4b38-ae33-48611805eebc,2017-02-06 00:01:11.743688,2017-03-13 20:04:01.120035,448e6044-0e7d-4c4e-a213-bad44632c3c0,ba5cebf3-c17e-48aa-99df-bf92db693902,1000
a2a6441f-c73c-4c6c-b250-8af9d0859903,2017-03-08 19:46:37.613827,2017-03-13 20:03:14.078144,4b7fd6f0-497d-4487-8d60-6a908676a2f0,a2fd07ee-bc69-4b3a-9133-61b20be25b71,1000
79185512-ea8e-44e7-997a-36c92799de79,2017-02-06 00:01:11.000000,2017-03-13 20:03:35.057598,d4873ab7-1db7-48db-91eb-6b58c674f9fe,814b7383-f3a6-476a-b79a-16829c4a30ea,1000
1ecaad89-e4ed-4c25-a61a-411815b2a0b9,2017-03-10 20:03:47.769439,2017-03-13 20:05:09.091608,1b34c170-7f64-46e0-8d20-37cd1b925075,4e5f267c-ba61-492a-bda0-5f1e0b85f2d7,1000
4c09181f-2dd7-4e64-a64e-42f8eab734d1,2017-03-10 20:03:48.250937,2017-03-13 20:05:09.154752,6de39ed7-4f21-450c-a21c-3cfd2f42e1de,2e11d466-42f7-4570-84c6-bc13f4dec93e,1000
b9852c2b-b382-4040-bed2-af29012d8dca,2017-02-03 23:57:26.323581,2017-03-13 20:04:20.087563,05753113-fbdf-4ef9-a350-021aa5019ebd,c8f8cfd7-dffa-4815-b5cf-d44207d52bf6,1000
0aa1c2cf-957c-4b94-b8b5-e0080bd12b06,2017-02-17 16:56:53.552895,2017-03-13 20:05:15.782094,f4a37c1a-2ee7-4144-a68c-1f404c52cd3c,9b8f1761-4a1d-48d6-b96d-c28be701393e,1000
43f5704c-de66-4a9e-b2e4-aa07205df418,2017-03-09 13:20:41.742757,2017-03-13 20:05:12.820706,a2e89be1-3111-4af4-8931-150c2943dea4,52b2008a-241d-4ab3-a8c2-864065dc4856,1000
0a05b8db-8ce2-4503-b953-ccdb8e64f372,2017-02-23 21:49:01.592802,2017-03-13 20:05:16.327309,d4857f92-0cea-4329-860c-066c0dfcbb08,db6b7a90-ed02-4975-97b0-cfee019aa9b8,1000
47053116-e2f3-47d8-8259-6448006d896b,2017-03-06 22:47:05.227789,2017-03-13 20:05:16.389165,c45f49c0-1d0c-4f78-96ed-dbf3beee9250,044577a4-ae58-4a55-92de-4292a72640a5,1000
2e1c4d3f-cbe6-41b7-8552-784f8144463d,2017-03-08 20:23:47.836859,2017-03-13 20:05:17.958375,0b180854-bca4-44f4-b1d6-2a4ca641eb2d,1872b3c4-7a05-4386-be24-75d247e38fef,1000
4fee1ff0-72e5-4736-8ef7-66df729587eb,2017-02-17 20:53:58.994136,2017-03-13 20:04:38.538542,47cd2959-29d7-4356-816a-124fb3744e24,b78e76bf-6c02-44d0-9466-c9a34f6a4179,1000
a0b7145b-46dd-4971-840a-347732f42475,2017-02-13 03:53:36.104894,2017-03-13 20:03:40.347559,84b8ea38-9416-4435-a0e2-3314da058525,efe425e9-ab5e-473a-8c63-e9953a790dea,1000
0a1092cb-b140-4c8a-8062-431a51030528,2017-02-13 03:53:49.582756,2017-03-13 20:03:48.410762,76113273-f998-463a-b79e-2b7c39253218,ec44d921-4dab-4f9d-b364-6b30de321a92,1000
4f2da815-872c-4319-843e-a231ee2153ca,2017-03-10 20:03:52.045050,2017-03-13 20:05:11.794431,509711d9-e695-4a9a-89f7-708ddb85e051,8e1212e5-f0ae-4234-97f2-31afb229d018,1000
d639d7de-6376-4c87-be39-363611c828e1,2017-02-06 00:01:11.689806,2017-03-13 20:05:25.797899,5a155492-5f12-42ff-91e2-64b80137b1fc,502439dd-3090-4a37-b39d-f53f91b5007a,1000
aa8d8aaf-46be-4254-b414-3d7a7efca2c2,2017-02-06 00:01:11.751461,2017-03-13 20:04:02.671330,4eacf507-da27-46e3-bc24-0f70c7199cac,3aa002d7-b450-4638-ad7f-a888ecbff861,1000
7121bc29-3e2c-4590-af1c-6e4417877470,2017-02-13 03:53:35.738921,2017-03-13 20:00:52.488957,e0672345-5bbd-4e4d-a744-b3a97b5f0004,a965311f-7238-4854-857e-0e0d82c2e8ad,1000
779a3137-069b-40e3-af82-c7ef5eb95be5,2017-03-10 03:17:52.536399,2017-03-13 20:02:30.570921,fc21ec79-48dc-496f-9eb8-02e2573a5d7c,131f326d-c96e-4220-b42f-3a5370879be8,1000
a8a6f539-7030-44bb-9140-7a6094bff641,2017-02-17 20:54:03.422384,2017-03-13 20:04:44.796546,b86aef82-c701-440e-a4c7-27a551e845d4,db606668-5fa6-4b20-a8ff-7d9ac3ed92b5,1000
f29c7f00-ae0c-447f-b094-d187ab79b9a1,2017-03-09 19:07:03.462213,2017-03-13 20:02:45.989801,c2eea172-ed49-4830-bf20-7103040788ae,5e29d35d-2afe-46f7-8e77-5df4da24450c,1000
77bd9ed9-959e-4215-8a9f-9aad580fcc9b,2017-03-10 20:04:07.162813,2017-03-12 20:03:29.621787,9c59c3b9-7a51-43d0-89ee-70c5be74c349,2995ead9-487e-4b8f-a6e0-1fbd95555958,1000
5e0c4d1a-12c4-43b5-ab3f-40fe8734461e,2017-03-10 03:12:50.370116,2017-03-13 20:02:37.083681,992dee89-20d1-4127-9ecc-0052d998bd35,590a66f9-9906-41f1-8a38-923a880f8c82,1000
fa3a785e-5134-493d-921b-e06aff384cd3,2017-02-17 20:54:07.026356,2017-03-13 20:04:44.943477,7e1f646d-66ef-431a-b072-2063dceb5f65,86df7b01-a3d8-40a4-a017-e3c5e7ae75ec,1000
efac6cfe-61c8-47ca-b70d-1bb791a3cd6b,2017-03-10 20:04:08.114221,2017-03-13 20:05:10.850452,e2b10542-cc42-48f5-add7-4ff4fcef25be,5e7a8c2e-fc37-4a43-8e54-4429b3442e92,1000
4cfdde97-ad75-45ea-b102-4a302f0e4565,2017-03-10 20:04:09.543987,2017-03-13 20:05:10.907937,fc3cb7ae-0ec8-48b0-b36a-dda5c6901653,8deeaa61-5d6a-40f8-b0da-aa0e5485397f,1000
e0a93004-b41f-4ef1-a6f4-0c4591317a7b,2017-03-08 20:24:23.119566,2017-03-13 20:03:02.765168,2b346ad8-d82a-4934-89c0-42e2932891ec,ac93392f-c558-4af2-a15c-59a72af459e0,1000
27fd156e-7988-4b4e-bd5d-4bcb3a20c9de,2017-02-17 20:54:04.608952,2017-03-13 20:04:45.018630,4f4c0d2a-9170-444e-83c7-438546b1417c,40b66132-ff18-4511-ad79-5940d0fa75d2,1000
6977f507-b274-4e44-bffa-ea9884784ee1,2017-03-10 20:04:10.522376,2017-03-13 20:05:11.258120,fa51b5d6-3d49-4d42-a215-07587bceeed6,22369cc9-2fa9-49f9-8857-171a04aa06f1,1000
fdf3b634-9a62-445c-8580-698b9c286260,2017-03-10 20:04:12.081128,2017-03-13 20:05:11.314303,d65e1e9a-6b0f-4763-9799-26085302b942,50c9c1a5-4ef9-4347-baa1-c74ae1f6ef7d,1000
ff62692f-bb39-481c-8e6e-776597b3a447,2017-02-03 23:57:26.298738,2017-03-13 20:05:24.044255,2e610781-f669-4bad-9e6b-57dfb642ddda,7640ad39-e8c3-41b7-a2fe-18b242e2daf2,1000
e16b5c17-dc0c-41ac-b5bd-9d719abc6722,2017-02-06 00:01:11.800380,2017-03-13 20:04:15.030443,3a9a80de-531a-4b70-b45b-be0ac2a1f20b,d4cb8020-6ed2-4f39-9ff8-e561f8a1b240,1000
27dc0e06-482c-4447-88f6-d9031b1262b9,2017-02-17 20:53:54.212460,2017-03-13 20:04:48.691798,87986356-9dfa-4907-8972-f4338c2bd16d,5be4ebe2-6cf6-4b1c-995d-da322a7c8475,1000
bff63b02-3578-46c0-bdb3-070fee47b916,2017-02-20 22:22:05.275488,2017-03-13 20:04:49.045827,42123ddf-ed2a-4573-b0b4-644e4947b149,12bbc5e1-126e-4570-a656-328f96ba86bf,1000
938f80c2-49b4-4f2b-9c59-cfd7bc6d1fd9,2017-02-06 00:01:11.669268,2017-03-13 20:05:15.584725,30651a39-598c-4778-9013-b0e8c2352bc4,ee982a69-c8fc-49b7-8bda-a6f278ee403f,1000
fab3486d-0a45-4211-b0cb-d00b1e6d40ec,2017-02-06 00:01:11.806759,2017-03-13 20:05:27.506431,866e3631-78a9-43e3-a3d0-6cd18c971c05,68d125e2-ff24-4289-a3cf-3f118017e6ff,1000
6eb3d3d2-17ce-410b-8d18-e3402ee395ec,2017-03-08 20:19:37.328472,2017-03-13 20:03:06.053234,03e72717-cad6-42ff-bce8-db70277ab3eb,288d0bdf-0e99-4d3b-8442-888dedc795f0,1000
4f9b7545-ba0f-429f-83dc-fbb580c667df,2017-02-06 00:01:11.859537,2017-03-13 20:04:06.352789,9e8a8dfd-3ffb-4631-a8ea-4efdcd33e39d,0dd9df3b-db91-467f-b85f-ce7ffd8ce096,1000
8dde2e08-a6dc-49c6-a812-7603637284d9,2017-02-03 23:57:26.252414,2017-03-13 20:04:22.210406,1f812713-fdce-48e0-9b1f-cd64095e50b2,1beff013-613a-44ed-9a09-defad0e60fe5,1000
33b69139-9eb0-4a70-80b9-8addb7d212cc,2017-02-03 23:57:26.274939,2017-03-13 20:04:26.573355,ac5d89a3-5554-41ad-8860-d72e48b4e05e,80825f09-6153-4f26-9b13-eb523a7075a9,1000
e9a9ac87-eea7-484e-b7f1-d3d542bc7514,2017-03-08 19:50:50.512464,2017-03-13 20:03:09.454053,0bb724b5-e12c-4271-a215-63cc37689fa4,25a5c542-ac11-405b-b779-e57e3343788c,1000
7ab4b5b6-be14-45ce-8e63-610e541fcaea,2017-02-06 00:01:11.609187,2017-03-13 20:04:07.493752,d80d3152-c76e-4a2a-a83c-bae81703d274,e6c103bd-b6d9-48da-8419-a84a4884e82d,1000
faa8aa4f-a7e0-4512-9d46-a9955f0a279e,2017-03-10 20:03:51.621726,2017-03-13 20:05:09.369490,6004fb6b-391b-44b4-91fd-d9239bb3145e,20abfb87-033a-43ff-9478-372f9ce9c999,1000
cd9845a1-fd5b-4fec-bb80-7d5121a50fe9,2017-03-10 20:03:55.195035,2017-03-13 20:05:09.587862,f2b73cdd-e8bc-4839-a33e-99bc0d939f16,8f2b0424-dc58-4ee7-afaf-2b74bed3fdda,1000
6326d50c-63af-48d4-bc4f-c663c3968e70,2017-03-10 20:03:48.572835,2017-03-13 20:05:18.412951,9d295320-5b16-4ce4-8b1d-70921fc085dd,012f3a0d-9b72-4f55-814b-6c1ffc2d31f5,1000
88e4be22-1f09-4e3e-9933-59c31e0ca36c,2017-02-03 23:57:26.241187,2017-03-13 20:05:23.649382,40bd4c0a-68a0-42b1-bb8e-96e64665703d,7f7c8eb2-22ad-44d5-8f4e-1d90988d5de7,1000
fc017946-cec3-42ad-a899-b0227dc8be53,2017-03-10 20:03:49.571647,2017-03-13 20:02:25.995449,88586d30-94e4-4ec2-a327-4a3867dfedcc,bad376e9-68ce-4cfc-ba23-0d197b2e6d8d,1000
9b36bdfe-62b9-4a23-936d-440c52ffb8db,2017-02-20 22:22:01.530305,2017-03-13 20:04:48.769579,2523e7ac-8457-4aa7-a645-e4cab858f483,fa793651-6f34-4d89-9d8e-acbcdfeb8d57,1000
d4dd7bb0-7cce-46e6-8c80-57f222904432,2017-02-06 00:01:11.635132,2017-03-13 20:00:52.770072,f4c2393c-b9a0-444e-9dc1-c504daeea079,312f7b75-ee96-4e92-83a3-d7441d529af1,1000
29fefca2-5bb8-42dc-83bb-ff02ec025bd4,2017-02-20 22:22:06.565254,2017-03-13 20:04:48.849401,1f6ef5ba-66d3-44f2-9c0a-f3bd2e64461c,d9fae2ba-a38b-47be-ab0d-6084dd69ee06,1000
501889b2-6298-4129-a9a2-0aba417dae3b,2017-02-20 22:22:06.251802,2017-03-13 20:04:48.905300,d4fb843f-77e9-4064-8ded-526b45865b80,bc9ebb5b-6106-425d-ab50-5a8f6fe3fc7f,1000
df1e7a07-c19d-41ea-955b-0aaedef83b02,2017-03-10 20:03:22.291039,2017-03-11 20:06:35.752877,4250f92d-c055-42b2-9cae-b2fbf900c8f9,793bb4ec-3f41-44f6-88c4-df91a9107221,1000
6d7784f3-6ac8-4c39-b403-1493e06014ca,2017-02-20 22:22:03.773982,2017-03-13 20:04:49.270709,5028c322-5498-4e1c-b7fc-66095f83442a,ebcbb0c7-f211-4d32-8ef9-cbeecdb95cb8,1000
88f1be2f-e683-4257-9412-90744129d009,2017-02-20 22:22:03.287968,2017-03-13 20:04:49.447946,a1228ffc-9c7c-4056-9ac2-a2b0062682bd,fc51be37-306a-41e2-b649-2b3803f4847b,1000
8fdc4548-ebeb-4762-ae89-6565bbb5254c,2017-02-21 23:46:41.156006,2017-03-13 20:04:50.141983,bf99c81c-85da-4f91-9a46-8c40e3dd9d5b,85cbf028-fa62-4e12-8bf1-73f7c8e4ab62,1000
fa7d89fb-88e8-472a-8095-8cca17f2580a,2017-03-10 20:03:20.511297,2017-03-13 20:05:08.126044,1f95ddc7-62cc-4b5d-a337-14b32947ef4c,e05256bc-ed71-4615-a042-436d23fa84f1,1000
ac926af0-d920-43d7-ab87-6d008b1560f4,2017-03-08 20:22:45.805451,2017-03-13 20:03:04.274553,d5f446a0-00eb-4872-9384-9c4e010c5919,efe3acf3-4259-4e2c-a2a2-f1de0a40d312,1000
94e13c15-270d-4368-9c4b-4caf04320fae,2017-02-06 00:01:11.683803,2017-03-13 20:04:13.453490,d8bdf67c-bf42-4d31-8222-69e27c838653,fd3bf1b2-b51d-41a8-a5d6-adfa936b5690,1000
41c4f725-080a-43b6-a580-fcd2af83ab93,2017-02-21 23:46:39.550415,2017-03-13 20:04:50.205967,874221e7-27ed-4db2-9f20-d1c060d46ae6,6b70876a-57d4-47fd-ac6b-f982ac336f13,1000
1233b8a8-d7b6-4196-8a04-916d9b1a5579,2017-03-10 20:03:21.202555,2017-03-13 20:05:18.525944,32c75f9a-32da-4cda-a6aa-a4f87d1d87e7,b169d0f1-06dd-40aa-b983-0ae009464e8b,1000
646ba5f1-c9f1-4f96-a9ca-370cc412e08b,2017-02-06 00:01:11.765913,2017-03-13 20:04:13.554900,0606e803-9eee-418e-af33-fb7c990af273,e55f2613-3d9f-466b-a26f-fc3dfbb4fb42,1000
78545acd-1931-423f-b53f-bc745a05cc43,2017-03-10 20:03:20.211057,2017-03-13 20:02:26.053987,57d1df5b-7e11-4625-8741-20931aae4db4,0d7b0235-0e8c-4b61-b045-d374578b61c3,1000
3ba2ac58-1e71-4292-8d9d-8ea966097fcf,2017-02-21 23:46:38.827908,2017-03-13 20:04:50.272234,6df8f531-c767-4bff-bb2c-510134c4721a,5d9b9a7a-ee48-49e6-b291-fde4815b2039,1000
20fabfc4-131c-47a4-808a-3e77b37c8824,2017-02-21 23:46:40.814305,2017-03-13 20:04:50.330638,19b441ab-fa9e-4bf0-b027-c10742f422e9,8b302e6a-de65-4829-9751-12cc1ea42df2,1000
81d224fb-a312-463d-a27f-29b3b4101812,2017-03-10 03:08:22.543357,2017-03-13 20:02:39.358320,46a9d975-c3cb-407b-a6bd-1c15090c13a4,7d6ed6c8-1486-43dd-8d07-7801955bdf2b,1000
1df384c6-155f-4bbb-ab13-a099114e67cb,2017-03-10 20:03:18.101818,2017-03-13 20:05:07.761660,0e2db1a8-b043-4d7d-ab0e-07380c61fd05,fd738ab1-f6fd-4758-9ffb-3b4063461217,1000
022e76f8-e4b7-408a-9bf7-29444cafcef1,2017-03-10 20:03:18.564661,2017-03-13 20:05:07.817752,2266aa7e-2f41-42e2-8b27-b168d9889ef3,1302ab53-c202-4e55-9ea9-699b7abad2af,1000
e563d217-627c-46e5-bb80-fa2e7002042a,2017-02-03 23:57:26.099825,2017-03-13 20:04:32.064853,a2dae458-a415-4375-82a4-713cb86aba52,f3c143ef-e8c0-4e86-93d8-d53bedca862f,1000
99b6ab2d-414f-455d-b8ee-3a81a871e2a7,2017-02-21 23:46:41.510776,2017-03-13 20:04:50.719315,1d88a5b7-dd36-4cf4-954a-a87d30d25101,e9281bb8-05e2-4d37-9ce9-157d715770bc,1000
23b0f017-60d2-4312-8843-ecb90ff20d94,2017-02-21 23:46:41.732012,2017-03-13 20:04:51.049135,f010f5ea-78b6-4be7-85ba-6dc99be3d5bb,2ffa8b72-cbec-4c9a-be86-ee886faf3d27,1000
58a5f4d1-cfee-4052-863e-baa2d8723b65,2017-03-08 20:01:54.772772,2017-03-13 20:04:51.176431,8d7b26d1-10c7-4e7b-ac21-7f186ce7259d,0fdc69d7-4eca-407b-b1d2-03069751b590,1000
ef2abb4d-0b04-4571-abac-661c2476987e,2017-03-10 20:03:13.983003,2017-03-13 20:05:06.595214,acd4e8b4-be3e-40cd-bcea-cb2d3f9edc26,91063f53-2a7a-43af-94d2-5dc61426d87b,1000
29f49b51-bdac-4d13-9990-bbdcd7594230,2017-03-06 22:46:48.189919,2017-03-13 20:03:19.996402,c49cb32c-4779-4893-bbaf-f25e24484fcd,19bfad06-3498-4fc9-8fe5-95f75d41af75,1000
c7b80dc0-a9f6-4bb5-ac0d-f157875e1ade,2017-02-13 03:53:49.868816,2017-03-13 20:03:48.602485,5e15f58b-c45f-4da1-bd8a-68639284f7f9,9e6f8de4-7843-46a4-9b18-16dbe528aa51,1000
d924b051-3fe8-4182-9ce8-4b4503b55834,2017-02-06 00:01:11.649231,2017-03-13 20:04:12.483196,9b6c293d-ece5-4f96-801f-92c01f50f9ba,9bd8d25a-dc71-42f3-a256-417dbc2e9b4a,1000
9802d1b7-9337-4dd3-bee5-218a0aaf6145,2017-02-03 23:57:26.188253,2017-03-13 20:04:28.959791,9382dbd2-fc73-4f1d-b5d6-eb00ac6631a3,2af8a997-f6a4-4457-a778-1dfb3a20e765,1000
a5d0bf65-bd82-4d67-bd70-004dafbc5ecd,2017-02-17 20:53:58.337212,2017-03-13 20:04:38.322567,84dd7b0f-9fee-45f8-a4ee-798277c5755c,4661eb3c-2240-4e21-979a-6f04b32f895e,1000
daa742c4-dfdb-49d2-8fed-9cbf62e079d3,2017-03-09 13:23:25.249320,2017-03-13 20:04:58.935434,9c3a62e1-89e8-4be0-a7af-74eaae898a2b,eed56246-f65c-4776-bec9-7198b7960b71,1000
c3c4c4c1-2cd8-441c-982a-3eec434a0f60,2017-03-10 20:03:12.861729,2017-03-12 20:03:36.977620,ead28c0a-2073-4014-9961-77ac5f82d988,d1846c1b-5010-49c4-a9db-958cb136e504,1000
18e8036b-608c-4593-93e1-3cbdf8d5ca23,2017-03-08 20:01:56.732519,2017-03-13 20:04:51.945911,bcef33b5-840d-4925-9192-dcd0e678a027,8b7cfc8e-eda6-441f-b228-6e5acdc094d8,1000
d02b8c2d-582d-40c5-b3d0-471a01c67bb8,2017-03-10 20:02:45.963323,2017-03-13 20:05:05.833428,b8dff4e8-dbec-4b08-ad07-2c96686c7f26,23a829f9-ca97-4bdd-8a4b-733e022c91fc,1000
3dfae317-0800-480c-9004-19d46fa4c9a4,2017-02-03 23:57:26.153752,2017-03-13 20:04:21.671678,b35a71ef-e098-4b1d-8ab2-40eed5187add,e283076f-b73c-46b1-9b33-b6547caa0ea1,1000
9f2efc9a-76ee-450f-a5fa-7376ea627c19,2017-02-03 23:57:26.076274,2017-03-13 20:02:28.371632,04956b67-2537-4575-ab7a-ae0fec07a022,7d83c432-26f2-4e54-b0ec-32f914542aac,1000
2626cc24-bec9-405c-a600-85a636bb52ad,2017-02-06 00:01:11.821916,2017-03-13 20:04:04.136549,17226839-f764-485b-bf3e-b7de9f50825c,025e6261-7ca6-4863-ba86-6520d90b6350,1000
1494fabb-30cc-4398-b351-15b010befa03,2017-03-10 20:02:43.150059,2017-03-13 20:05:05.504296,19bf1c20-80d9-4a12-9950-3dfb431a339b,39db5ed3-bde7-417b-bea8-3b23b034c3ef,1000
2af7754d-3a23-4030-8375-a318eb680035,2017-03-08 19:48:02.724205,2017-03-13 20:03:11.794965,3852e699-796d-4a12-917c-834e467ba79f,c052cf01-ff9b-466e-a840-b28615974944,1000
89c78cbe-6e3e-4489-b163-368b408e9e11,2017-02-06 00:01:11.773659,2017-03-13 20:04:13.696263,9bb7fd5e-e532-4b80-8a1c-35127850ff99,6f64d892-a6e4-46fa-b779-87d7d1bf2c6f,1000
9327adbf-ad9e-4ea8-b721-afd30cf1cea5,2017-03-10 20:02:37.011441,2017-03-13 20:05:05.089661,adb9b404-d1d0-4135-8028-17eab1706c38,5307b024-97b9-40de-b20b-650d3e2834ba,1000
f5d3d0da-0ae9-4db8-8be1-6dbb8c721d63,2017-02-03 23:57:26.198635,2017-03-13 20:04:21.906416,16e5e0ec-1824-42f7-a66b-2d20e5f8c2b8,c04f467e-5c5d-4c2b-b06d-73e9ca9dfc0e,1000
9483cded-a67b-4771-af5a-0e6474f21da5,2017-03-10 20:02:36.395598,2017-03-13 20:05:18.578763,cef40d73-3fed-4761-971d-c7b538e140b3,4f471d3d-1919-45ff-b2d8-d87218417274,1000
465f00a2-0e93-4fce-9ad0-82576dd0872d,2017-03-12 20:03:53.349541,2017-03-13 20:05:30.406840,88e93bd8-337c-4217-8dbf-0b860648b22a,529c0fbd-fb22-4bde-ab70-5f8a04a9821e,1000
e816709a-f5d2-430b-a616-122e6b1896d3,2017-02-13 03:53:41.038192,2017-03-13 20:03:51.053419,ab52fd46-2813-4ebf-92a2-98da6b99b927,86b402a6-c0d2-4d3c-b162-d631a22771c1,1000
a7cc940e-5f4c-4fa0-bbc4-d37f443ece24,2017-03-10 20:02:32.379516,2017-03-13 20:02:26.216603,648ba9b6-d27f-4c0f-8393-f2f576e09918,79b14eff-6c92-497d-8f6d-1eccf0ebd323,1000
0a4ef98b-1844-4574-ae2f-c7b5a0adba97,2017-03-10 20:02:30.877353,2017-03-13 20:05:04.047635,d887618b-6480-48eb-aa56-4a3027699ecb,63b098a4-1905-47c4-920f-c78614900979,1000
fac14258-ed16-42cb-a624-ebfbcdb60d16,2017-03-10 20:02:32.118630,2017-03-13 20:05:04.303172,46672f3e-b007-4fed-8a95-58ab40293bfa,6d27d2fe-3a2f-4931-8248-be692bdfba90,1000
8e632966-52b8-4869-a709-c25306266d81,2017-03-10 20:02:29.175098,2017-03-13 20:02:26.393664,b3e38deb-cf7b-45a3-baac-c6ea7c5f9fc1,fc5c1da7-a6d0-4065-a8c6-50b7b8dc63a6,1000
4dcc1914-f900-4a1b-8ce0-f9166c0d1ec7,2017-03-10 20:02:29.931433,2017-03-13 20:05:27.784656,56a68d88-80f7-40d3-ba56-41183b23262b,eadd4c5f-ddd7-4921-86c9-3f1de6d16ab4,1000
33ed0720-6dfa-475a-96e5-bacb79453430,2017-02-13 03:53:41.394630,2017-03-13 20:03:39.824333,63d762cb-6871-44a5-80e8-bfc93d61e2a6,e1840beb-96cb-41a9-8766-81e3d392ab7a,1000
4dbe379f-314e-40fd-8e2f-72db1d48614f,2017-02-06 00:01:11.717080,2017-03-13 20:03:56.059730,7664e200-8fca-4a6b-ab98-6c6ba2d07149,514ed5d5-4de8-449f-bc94-90a75fbe0cfb,1000
19731fcd-f1d5-4335-8e4f-c121faefc854,2017-03-10 20:02:25.009749,2017-03-13 20:05:03.650972,959eab36-8773-4e07-bdcd-2b9ab4ff6e11,7079520d-e700-4ee9-8f7a-735e3992ed5b,1000
4891526e-c020-4641-a316-ee6eae7c2158,2017-03-08 20:17:51.233159,2017-03-13 20:03:09.116770,8d2cb4fb-984a-42b9-9593-4c97e97132f9,f9ad055e-b948-42fd-85a3-0297bbf84848,1000
4279b140-47a8-4b54-926c-28e74cba269e,2017-03-10 20:02:23.192766,2017-03-13 20:05:02.482380,c4721052-9c58-4055-9923-fc81febe8803,1fd366ba-95d6-4311-b880-3ff154bedb74,1000
b999f688-9e19-4e14-a921-306625372c09,2017-03-06 22:47:03.400630,2017-03-13 20:03:19.329493,5ab2ca80-aa8a-4ebd-8256-251cc9338e55,63940dd9-3618-4364-8797-1d6128bb65e8,1000
9039c5f4-050d-4ba4-9aee-ea5a2062a28b,2017-03-10 03:13:24.751470,2017-03-13 20:02:36.844646,47e739c6-d40d-4762-a7f6-e4c7b1e62d1f,efc8918e-24da-4a3f-9f9d-9cf33c27adcf,1000
3690ecfc-eaf6-4e37-aaf3-b7114eef0fab,2017-03-10 20:02:20.797996,2017-03-13 20:05:18.764402,35a69e6b-355a-4514-be7f-3e256b12953f,095d1288-42dc-4d18-a8aa-2882aa55aca5,1000
02b68f48-98ed-45b6-83c0-9bed257ef29b,2017-03-09 18:39:33.046030,2017-03-13 20:03:00.880230,aea4f24d-c9c6-4c61-b9e6-3aed71aed271,dfee0794-1cae-4cd6-b149-153dccf6dc36,1000
689467a9-a700-4554-8a82-a07c3dcb0a3a,2017-03-10 20:01:43.952246,2017-03-13 20:02:26.572986,524e2d2c-0c2c-43db-bbff-54fc4867ba1c,4b1546f5-156d-4565-927e-71185feaacf1,1000
2e4ea276-ebb4-41ce-a048-efb832bafe42,2017-03-10 03:15:29.582231,2017-03-13 20:02:34.096434,070f52c4-60b9-415d-bae8-be76e06dee82,3e251408-525e-4d52-8a23-4e422c82594e,1000
bc63a2b6-7f85-457a-bbe0-663b4426a205,2017-02-03 23:57:26.043771,2017-03-13 20:04:15.214506,b0ac357e-4ab8-4a71-9b66-4ed162486062,78a99d9a-3cfd-4a2e-bda2-c94260d0bc76,1000
b2a7a67a-2af0-4157-a76c-8b37ea23a625,2017-02-03 23:57:26.263711,2017-03-13 20:05:25.511765,7d17d1e8-31a4-41ca-8ea9-c2c76678969b,11176e4b-1352-4ba3-9817-7733698462af,1000
f046b973-29e1-4d46-b2fb-17fba0280986,2017-02-17 20:53:58.713586,2017-03-13 20:04:38.470633,3ce7383d-0872-4d55-97b7-145b264143d0,3b0f1a3a-fe35-4b89-aeb5-8d420d859f84,1000
b070d4f1-d7f6-4777-be49-07a6f09aebc6,2017-03-08 20:01:55.880159,2017-03-13 20:04:51.633425,18a16819-404f-4089-9381-cc18d404ded6,c1a33826-1c7b-4d17-aeac-99ab6fe5e4b9,1000
dd8fbf3e-e24b-4a39-a40d-0f32fea57f04,2017-03-08 20:01:56.326126,2017-03-13 20:04:51.766443,48a3d6a5-e36c-442c-8112-5492e1d0f381,f145d02c-3e6a-4d72-b964-cb9680121549,1000
991e1d01-3fb8-4891-88a8-c1a7ff354c2c,2017-02-03 23:57:26.175710,2017-03-13 20:05:22.173735,aa639074-b566-4e86-84ab-68d841e23c2e,1054ee88-ecd6-498b-b29b-9f5dd59babc3,1000
9fe3c56d-9207-4ac5-bee8-fdb0ff67eb36,2017-02-06 00:01:11.814306,2017-03-13 20:04:03.003856,711ffe92-6ddb-4e12-b415-ca5d73ef3c30,9692282b-2521-4306-9ec1-b2c4f7927a26,1000
f01c7be6-0d69-47ae-a588-b4c5214b12e0,2017-03-08 20:01:55.745630,2017-03-13 20:04:51.582098,964b0687-c994-4a4e-aa68-18fadb651be6,f9df23e6-36de-4e79-a9b7-f5f4922c9a75,1000
154049d4-e73f-4051-829a-b1c4e45fd079,2017-02-03 23:57:26.131381,2017-03-13 20:04:16.684683,aadc624d-c0d2-4021-bab0-c2bd32327cbd,5f96998a-ea3f-423a-b2cc-ae1c53ea4f14,1000
a30fc0d6-b07d-468b-8cb2-ba065daac22f,2017-03-10 03:06:33.983383,2017-03-13 20:02:40.579561,fb86486d-0de5-4145-83f0-6c8834f511f4,1d597cd7-773f-4c1a-a5f6-3cc6b44b8aa1,1000
e7a8303b-1948-4dc5-9bc4-03f03956f228,2017-02-03 23:57:26.022260,2017-03-13 20:04:34.332536,2a715c5c-c95b-413d-89ea-bf5478efb8f2,622fe4f3-80a0-4f2c-8780-50961307b7d5,1000
0daafaf6-4b3a-4975-a37c-49f14efdf64e,2017-02-17 20:54:07.239014,2017-03-13 20:02:26.626911,031744c1-fa26-47e8-b619-5e0eec2a0117,4103ea72-ee72-46aa-b4b5-34db084ca584,1000
c08a9275-3ee2-495a-a800-4cb211ba79d6,2017-02-03 23:57:26.286880,2017-03-13 20:04:23.863039,df539798-b125-4519-8796-37d959d126f0,3a053627-1024-444a-8d72-6f78fef4578d,1000
72c03894-a6be-4cef-9184-7a3864b25889,2017-03-09 18:47:15.922155,2017-03-13 20:00:53.553950,bca2e489-3bf4-4705-9596-162b1a5269b1,5ad5cbb1-87c0-46be-bc26-061037a9af1a,1000
7c7dd597-3a1c-46cf-900b-fc883b47da6b,2017-02-13 03:53:37.595646,2017-03-13 20:03:52.565777,f95a7005-deed-4555-80f3-73312af92b17,e64078b6-25c5-4639-8dc9-1bf4d1bc2df7,1000
96894fca-a9dd-4528-b991-d180642ded21,2017-02-06 00:01:11.704494,2017-03-13 20:03:54.295398,811d32b2-6a4b-4919-ab7c-2ea07a82568f,32acb994-405e-471c-b7ed-0a32a87875f5,1000
59031e19-904a-4d97-9b33-82dc4b34e9d4,2017-02-17 20:54:01.525817,2017-03-13 20:04:43.157723,eeea6520-2456-46f3-a271-9c30a04f818a,035356d4-9ed8-4a2a-a493-002520b6c4c0,1000
57cffe56-a15e-441d-8ff9-b3b925651d0c,2017-02-21 23:46:43.645751,2017-03-13 20:04:50.654121,93f92360-812d-4bc8-be40-9fa9e4cb541a,83d599d5-c0d8-4aea-a72e-95357868d624,1000
4a352d86-fc35-4f1e-989d-cadf6eb13fae,2017-03-08 19:48:55.559727,2017-03-13 20:03:11.406817,48de6d1b-9d34-4b68-94af-85a61ce980ed,23dd8238-04f0-4149-84ef-2defee5feb52,1000
dd4da8c4-bf04-4f68-a793-48d1c1851cb6,2017-02-13 03:53:34.227523,2017-03-13 20:03:40.672651,b866e784-5cec-4c55-a214-13d270052b09,ca1c2f97-92e3-42d9-98f1-149af34894f3,1000
7a41986c-2c4b-4ff5-8523-a409c1fdcbcc,2017-03-10 03:03:16.605652,2017-03-13 20:02:42.079119,842870ac-860d-4731-a0aa-2c9a4d1fd4b8,775c0d1c-b8c1-401c-9a92-e8aa7f2973b5,1000
89015f75-7544-4ec2-b7f8-84b584773e27,2017-02-03 23:57:26.312497,2017-03-13 20:04:18.431956,642cc88f-3026-4348-ab65-89d423192ad5,f3cdbf7b-497f-4e76-8501-b81505685f42,1000
90295c70-3c92-48d9-998b-bc0612648674,2017-02-03 23:57:26.064611,2017-03-13 20:04:20.264125,2421239e-3fb3-480e-b27f-54522ef4f628,bbbd63cd-38e7-4197-851c-ea7fc976a65a,1000
cce05b46-e648-4000-ab9b-c9f7d90e7da7,2017-03-08 20:21:42.341030,2017-03-13 20:03:05.871769,b1d1f71f-a8fe-4f1f-87a8-ddd5fbe802f8,ff874380-efda-4261-82ff-35cde96137cb,1000
b0d6773e-d162-4f57-bcd1-092b5a12a6a7,2017-02-06 00:01:11.800380,2017-03-13 20:03:24.729609,f38046f1-2d6b-4881-9864-8cd182585710,155e2f55-5d9c-41c7-8334-ac8b214e8326,1000
2a08079f-cc15-4f49-9bad-ea8cd42754ab,2017-02-17 20:53:59.972236,2017-03-13 20:04:42.966916,f2c3d788-7d45-4750-bde6-3a9057213cfb,fc267b38-10dd-4f1c-8d8a-759ea86c44d9,1000
be477c4e-a27e-49c7-b0e1-a29b727b098f,2017-02-03 23:57:26.219507,2017-03-13 20:04:28.161490,b0fb9abc-b747-4b6d-afe7-6118cc519e5d,cfed13af-8103-40e3-98e2-cd9b376596d3,1000
f3dc4e60-a4ff-4125-8306-c2c6af60bacd,2017-02-03 23:57:26.034013,2017-03-13 20:05:20.787127,6282302a-7431-45be-8e2d-21829d8d4d5e,2479ef0d-37be-4c36-8c2b-fdfa69f67c44,1000
82a0ffc6-688e-4907-8ee6-237a9b9de4fe,2017-02-23 21:49:01.101436,2017-03-13 20:03:20.274221,894f4c1d-e7ee-4ecb-bde3-efb51b72a33c,eb035162-e299-4594-b71f-7040bbf88a1c,1000
ccf51f22-1dc9-495b-8e2e-18a5da959e46,2017-02-13 03:53:47.445912,2017-03-13 20:03:46.809659,b53bff89-cdb9-4da1-aee4-78469b8ed338,f602c253-a8de-4ba8-9a10-6180599d3608,1000
a2a160f0-c687-49f5-8f2d-eeb6a2a3212f,2017-02-13 03:53:38.593437,2017-03-13 20:03:52.123836,b377916e-c80b-4f6e-9f20-07426a208448,02b86a03-8c4c-44d2-8c9c-b3191c0bc5a9,1000
14964a2b-b9c8-4e8f-89fc-689c471e25a9,2017-02-06 00:01:11.000000,2017-03-13 20:05:16.194415,15ddfdf5-fb55-474c-9251-001a8a9e2a04,c2c84cbd-5174-443c-85bb-f568dbe82e97,1000
f53a6527-8e81-4a5f-9408-36fa5fb0d5c3,2017-03-09 18:51:15.885370,2017-03-13 20:02:51.697031,1a10717d-af97-41f6-8035-c2b14f92eae0,cbe77e1e-d70d-4865-a905-1ad2feb47303,1000
56c64e38-33a8-4170-8bb5-9e31b028b1d0,2017-02-06 00:01:11.828844,2017-03-13 20:04:04.371170,b98bbe68-0bf4-4266-aa30-c9b903a9afc6,98871329-0497-4eb9-ab62-f0f63270ec12,1000
3091c9c6-689b-48a5-9bc4-7921a292778b,2017-03-09 18:55:07.490534,2017-03-13 20:02:50.037995,eda5c374-14bd-4326-bb37-e2d18f916b0a,05b33711-ceda-4bd6-b394-8a3555dc0a70,1000
6f426536-75d9-40a8-936f-315bba6d5191,2017-03-09 18:56:58.808367,2017-03-13 20:05:18.156008,4f3ee83b-9c4b-4091-84b5-0f0c25ea3c04,06003371-1cd1-4b49-a6d6-aa4f4c3fdafb,1000
03fd3ac7-4e12-4926-bb38-eb1f7a531287,2017-02-13 03:53:31.704706,2017-03-13 20:03:42.188351,0934a062-b687-4326-a544-0fefc77b5bde,2460c850-95c0-4cd5-a1b2-42562b3d2289,1000
8559eb86-2fc1-490d-b9ba-5ef729f65004,2017-02-06 00:01:11.628662,2017-03-13 20:04:10.793681,acc746b9-f7bc-4212-9d07-d23165fd07e5,112428c7-f645-4a94-b977-22bed450d21a,1000
74ae21c9-af49-4f81-bb94-7804b60074bb,2017-03-09 18:56:03.488131,2017-03-13 20:02:49.825790,93e38f5a-1dd1-480e-b526-b0c86ae779a7,51eb9a84-ae6f-4498-aff3-03ae8baed700,1000
2af996e8-3ca8-4196-b04e-ed2944632c13,2017-03-09 13:21:43.538404,2017-03-13 20:04:55.794597,4d926b3a-ad0a-4b2b-b4b9-9708545f3e19,ede8e21d-b200-474f-8d10-0b01e473418d,1000
cede76bb-fd2b-41c8-8d2b-af2fd85084bc,2017-03-09 13:22:33.418935,2017-03-13 20:04:57.616372,55b1be08-8d20-4295-854c-ba14a18fd8c5,8788b521-3472-41be-a413-9e5fd60b6870,1000
f7a62eae-13c9-4da9-9860-47f7c148ab6c,2017-02-13 03:53:50.714136,2017-03-13 20:03:50.380543,ad543827-a83c-4951-a7f2-a6edc744c57f,d22922ec-7eca-4bcf-88bd-46499a90e999,1000
c473505f-7b73-4d0c-b6ec-5d55b914df0d,2017-02-03 23:57:26.229968,2017-03-13 20:04:26.823581,933fa570-a0b4-41c7-90af-0742171fa1ca,7d296606-3522-40a5-83ea-1c9feefa8536,1000
094b385e-1467-42af-b94a-99f1dc8e48c8,2017-03-09 13:19:52.462974,2017-03-13 20:04:53.963438,c1fe4c7d-51b4-40a9-ab91-72d658bd6201,9e92c9db-163b-4239-b4ca-be37da5c3c87,1000
